x,y,z,time
1.0,1.0,1.0,0.0
2.1331620645634204,4.471211639946997,1.1142794840907642,0.10000000100000002
6.534307548447965,13.700662204945125,4.192511890401542,0.20000000200000004
16.70002304771826,27.234791178365434,26.183011655522556,0.30000000300000007
15.455463996648817,1.2752474148429176,46.931821248614774,0.4000000040000001
1.2319824412295115,-8.912661974448508,32.55754562521865,0.5000000050000001
-4.843539833761211,-8.080039090034008,26.757946604588984,0.6000000060000001
-7.046989951596999,-8.716636518320993,24.957786437327062,0.7000000070000001
-8.602662963126992,-10.035443368047268,25.647371981946037,0.8000000080000002
-9.653213157745192,-10.13211715352584,27.958632501979594,0.9000000090000002
-9.381313671977404,-8.426557389062818,29.307385248553025,1.0000000100000002
-8.125982352337077,-6.829576620919771,28.208832215273265,1.1000000110000003
-7.212846074470889,-6.802283515884982,26.04196921372268,1.2000000120000003
-7.377469104282468,-8.09410441666298,24.622158968507673,1.3000000130000002
-8.477254293487714,-9.80608687047644,25.12036213907054,1.4000000140000002
-9.639739845963689,-10.389430528850436,27.4784206558785,1.5000000150000004
-9.629700725633887,-8.834090034007822,29.380272846577483,1.6000000160000003
-8.380959729950765,-6.943194520451996,28.690633680649515,1.7000000170000003
-7.244198470480291,-6.575940942394859,26.43345404978229,1.8000000180000004
-7.173896041881878,-7.697013307725156,24.65209591073827,1.9000000190000004
-8.164663284486549,-9.518755536353872,24.66929528912401,2.0000000200000003
-9.510443140776294,-10.576267657748993,26.8847752055599,2.1000000210000005
-9.84775128501654,-9.345341689033255,29.303525957167082,2.2000000220000007
-8.692079671533401,-7.149287071093832,29.1516436238956,2.3000000230000004
-7.331533337655608,-6.37619898122509,26.913261541926257,2.4000000240000006
-6.991401054946337,-7.284887361181378,24.775399819357,2.5000000250000003
-7.834280530558438,-9.152218295153398,24.28424137959548,2.6000000260000005
-9.298239672258271,-10.64619938382177,26.203195880460704,2.7000000270000006
-10.010931971755738,-9.891144644457489,29.059433513518886,2.8000000280000004
-9.053429623773063,-7.483756379626014,29.59074813096584,2.9000000290000005
-7.496614492232896,-6.230911415052432,27.478928656677628,3.0000000300000007
-6.850387657390194,-6.872492667856714,25.016383524604358,3.1000000310000004
-7.497354539876526,-8.703112150526918,23.99934534860752,3.2000000320000006
-8.998218299287998,-10.57755373989905,25.461879091849013,3.3000000330000008
-10.10097635406679,-10.4077534818912,28.633295577373577,3.4000000340000005
-9.444006849990323,-7.9709924458672985,29.953245401488502,3.5000000350000007
-7.751502079630965,-6.182001576483876,28.11211204737691,3.600000036000001
-6.7652180200491125,-6.4690000256446245,25.387364716771014,3.7000000370000006
-7.154225143752284,-8.186501771671246,23.83015334713214,3.8000000380000007
-8.620216967223483,-10.357894401796898,24.71675017619114,3.900000039000001
-10.069833279441209,-10.877468291700922,27.95922029810505,4.000000040000001
-9.835053140470611,-8.62573899573327,30.156005938818726,4.100000041000001
-8.134198550553789,-6.311335729683831,28.87955645898983,4.200000042000001
-6.791412840660407,-6.089568480929994,25.975901182668586,4.300000043000001
-6.82163624935291,-7.574711362257659,23.86169259251183,4.400000044000001
-8.147224965689263,-9.885260189709905,24.01358727951229,4.500000045000001
-9.857815190832275,-11.20026878107613,26.980482551852848,4.600000046000001
-10.200049012827895,-9.390933953279925,30.08809999233213,4.7000000470000005
-8.6024392699441,-6.588570182497621,29.612941710418056,4.800000048000001
-6.910014075677649,-5.788024302787291,26.669563568029062,4.900000049000001
-6.55541649814922,-6.972481386032798,24.058640545070947,5.000000050000001
-7.640749629621952,-9.297609861338973,23.451583545906782,5.100000051000001
-9.511364032270368,-11.285757892863499,25.89693808821405,5.200000052000001
-10.453517919917841,-10.244017935067484,29.70211749779563,5.300000053000001
-9.160973574514665,-7.107781336195402,30.295553782586943,5.400000054000001
-7.1650675491454985,-5.5889646886984625,27.519794708792382,5.500000055000001
-6.3610828085881455,-6.370788997223883,24.46514105219444,5.600000056000001
-7.120049155091245,-8.57496381650441,23.081149592807773,5.700000057000001
-9.002480766356218,-11.078310658621637,24.73162662428586,5.800000058000001
-10.534494584351028,-11.089739738041244,28.892276276194956,5.900000059000001
-9.77699696982879,-7.934729372532041,30.815758998712617,6.000000060000001
-7.602668350054974,-5.5667295510751265,28.54910596800132,6.100000061000001
-6.286583261339583,-5.794825588915138,25.132937747378925,6.200000062000001
-6.615477255859211,-7.741393747458052,22.976176265757605,6.3000000630000015
-8.3479720887051,-10.516551880485821,23.617581091212003,6.400000064000001
-10.35472465941818,-11.734823403187907,27.604212807635022,6.500000065000001
-10.386096853529406,-9.046788916347436,30.974360151907,6.6000000660000016
-8.25588221824967,-5.837414522607984,29.69599388609283,6.700000067000001
-6.3935325752095595,-5.304391682870864,26.085212486322956,6.800000068000001
-6.19046811203015,-6.858708199437136,23.205449613511135,6.900000069000002
-7.598445651428826,-9.638139592418701,22.72747963723158,7.000000070000001
-9.858533352419379,-11.943718923927978,25.937259363921427,7.100000071000001
-10.838616295164208,-10.365120921867717,30.53993277293116,7.200000072000002
-9.04009710654767,-6.405098809301254,30.73463731104945,7.300000073000001
-6.668438246497179,-4.9386432796903685,27.187412188813795,7.400000074000001
-5.882568857450993,-6.035411396325387,23.682420085526548,7.500000075000002
-6.866935723119212,-8.636375894326846,22.163046948527626,7.6000000760000015
-9.154785757758306,-11.66482838422658,24.250457523556634,7.700000077000001
-10.998042104821748,-11.62328260343962,29.45282640878066,7.800000078000002
-9.926233182982042,-7.455929035871662,31.59968529647128,7.900000079000002
-7.204634879704982,-4.809143697318664,28.55423827502456,8.000000080000001
-5.728531839836053,-5.237068310361195,24.52629283038997,8.100000081000001
-6.161384809464876,-7.482448841762536,21.996780132160712,8.200000082000003
-8.202873934502904,-10.820048258196495,22.62972940420859,8.300000083000002
-10.72375688197668,-12.558831623668231,27.533359803984563,8.400000084000002
-10.844855365650808,-9.113588524244962,31.90900790710782,8.500000085000002
-8.09030351365584,-5.0424757138835,30.14188086624063,8.600000086000001
-5.818643257503084,-4.552382128873224,25.75958478367611,8.700000087000001
-5.572425135978284,-6.291382588658073,22.30793244609579,8.800000088000003
-7.1509671103072465,-9.51446937725357,21.447830336497947,8.900000089000002
-9.924549473951991,-12.71456866042687,25.007181835073578,9.000000090000002
-11.464475735657956,-11.101467183427456,31.15802651407867,9.100000091000002
-9.374600591577794,-6.126335392521346,31.839323956778717,9.200000092000002
-6.357647250591385,-4.083854199112567,27.59277669310099,9.300000093000001
-5.18362168964615,-5.092524029322575,23.294950031275565,9.400000094000001
-6.045514793548364,-7.8108178714924845,20.92765836155519,9.500000095000003
-8.578404297909145,-11.684037184715358,22.348777061186556,9.600000096000002
-11.360209466101203,-13.065831385371112,28.6237174163373,9.700000097000002
-10.843103520176253,-8.222738566119109,32.875486685125594,9.800000098000002
-7.4261951873480525,-4.090877942292324,29.800929880407722,9.900000099000001
-5.152220050935483,-4.051597418722892,24.85648542274106,10.000000100000001
-5.128967616142244,-6.103552496945634,21.213065440368123,10.100000101000003
-7.02120180737158,-9.778867028641097,20.434511591844274,10.200000102000002
-10.268382790371913,-13.523472521204848,24.81701653620545,10.300000103000002
-11.959767949659101,-11.345478527302097,32.16074635612205,10.400000104000002
-9.1900015817316,-5.143892142763444,32.30425048466605,10.500000105000002
-5.698005110655183,-3.266094056952598,27.155095465276453,10.600000106000001
-4.518052128583471,-4.494822330349477,22.39640725652186,10.700000107000003
-5.4863021182638505,-7.415079967646831,19.68273999480126,10.800000108000003
-8.314348598757046,-11.919496425045523,20.967907898036568,10.900000109000002
-11.773806155378853,-14.170597848985931,28.35434700564751,11.000000110000002
-11.42192049242054,-8.26138320849208,34.015883215403925,11.100000111000002
-7.248969662859993,-3.1889758210983246,30.414877321338775,11.200000112000001
-4.475632096739332,-3.0630380559994883,24.691537127708994,11.300000113000003
-4.222586438945004,-5.007048964756168,20.352461093188857,11.400000114000003
-5.977822450078579,-8.716462726466649,18.594798623852036,11.500000115000002
-9.595876793356005,-13.796187560840268,22.121265772183193,11.600000116000002
-12.727268724992891,-13.55540690226228,31.644820309331934,11.700000117000002
-10.291647623867997,-5.442991884897764,34.243304574799886,11.800000118000002
-5.649894822612536,-2.095629406305683,28.46172268382586,11.900000119000003
-3.588846758585428,-2.882355894062233,22.679076297122304,12.000000120000003
-3.9158742839817893,-5.197758192938372,18.629105024366055,12.100000121000003
-6.187918904124994,-9.519674965304167,17.475937415527024,12.200000122000002
-10.450542180893226,-15.175826286558022,22.72276775845287,12.300000123000002
-13.324157572295512,-12.870229514609663,33.81192543131145,12.400000124000002
-9.463339610307747,-3.634910213729633,34.24480971600708,12.500000125000003
-4.563952825324836,-1.2249503366551577,27.366423949769455,12.600000126000003
-2.7643967560670974,-2.2549065755472535,21.43931719019244,12.700000127000003
-3.1729333773814257,-4.433955447651035,17.243904056075724,12.800000128000002
-5.392959312942867,-8.705171230334097,15.624928302581358,12.900000129000002
-9.93518869608993,-15.44313902554645,20.279000042703956,13.000000130000002
-14.076446544819902,-14.871048731560556,33.62761604526473,13.100000131000003
-10.288701821732575,-3.434126812285453,35.906372177878886,13.200000132000003
-4.270522383914159,-0.033832990011570516,28.19566056232923,13.300000133000003
-1.8093844686381084,-0.7656301867084745,21.66137875313838,13.400000134000003
-1.5879636315697487,-2.025088199290617,16.78051259641883,13.500000135000002
-2.6289574232255446,-4.3595601856800315,13.421196396570496,13.600000136000002
-5.428782377496891,-9.56649741136311,12.68841478964831,13.700000137000004
-11.168088927783298,-18.069265621166597,20.12111536820446,13.800000138000003
-15.379331108954668,-14.042965810219645,37.613497845742494,13.900000139000003
-8.790719315970563,0.03353805990494241,35.95939564735892,14.000000140000003
-2.1298098767057714,2.0069878831879127,26.915212500126657,14.100000141000002
0.32334053827903053,1.6568641136946884,20.512123386205072,14.200000142000002
1.3582838974677467,2.3665140058761533,15.865681563542578,14.300000143000004
2.769803384898421,4.800045210169303,12.785264441278041,14.400000144000003
5.941338260746491,10.559598775742108,12.674746117117351,14.500000145000003
12.108323064089257,19.068253683353312,22.010673959083444,14.600000146000003
15.212001445261075,11.878699650191704,39.11827033642954,14.700000147000003
7.569733897017959,-1.0760077099407694,34.76355581184863,14.800000148000002
1.4436224900376042,-2.1729856920107546,25.949527618965213,14.900000149000004
-0.7246053680691292,-1.9924959553232666,19.851156880074424,15.000000150000004
-1.864590812234395,-3.1415315228316167,15.498349689360477,15.100000151000003
-3.7402565489711668,-6.46470396669471,13.024099057161594,15.200000152000003
-7.846903239220122,-13.527295430972455,15.040393881052902,15.300000153000003
-14.091096939427464,-19.018603333077742,28.795791493871512,15.400000154000002
-13.088121283110894,-6.0275230693862865,39.295043519417156,15.500000155000004
-5.060467215220005,1.6075552140738172,31.181513419029088,15.600000156000004
-0.8081083129224251,1.480242871374224,23.510840558630306,15.700000157000003
0.5587881059635382,1.4000779023640793,18.00935684653459,15.800000158000003
1.396570595423323,2.4151812332791835,13.957000344113581,15.900000159000003
2.958611920451952,5.2861007918174,11.40580532387118,16.000000160000003
6.638509672303099,11.998983744313879,12.315233303268574,16.100000161000004
13.45512964340848,20.394500327753597,24.760439566524095,16.200000162000002
14.771806100734063,8.692853502459343,40.77127566668139,16.300000163000004
5.884302660126985,-2.4563231768329645,33.22928377952655,16.400000164000005
0.36562297518644815,-2.7463770379824592,24.817907128141595,16.500000165000003
-1.626663448445242,-3.03430457661639,19.209869453708826,16.600000166000004
-3.204754060180512,-5.235593105425235,15.578793156636328,16.700000167000002
-6.200363506212213,-10.397981569549556,15.120385687014734,16.800000168000004
-11.54739644046826,-17.36530014321645,22.90419213657266,16.900000169000002
-14.298833700307028,-12.091342070694804,36.90893143603346,17.000000170000003
-8.243139957128449,-0.8734141611384787,34.30447882610229,17.100000171000005
-2.7809776979226544,0.5451801691285154,26.172052504006455,17.200000172000003
-0.9544306568620244,-0.21659474448488553,20.013873857678348,17.300000173000004
-0.7562038113882688,-0.9622001986584572,15.368914135400102,17.400000174000002
-1.2990545257050234,-2.226781776515578,11.909087059498251,17.500000175000004
-2.87032953662004,-5.281355743741166,9.787641226115243,17.600000176000005
-6.787091556010368,-12.593044560467577,11.209772957030673,17.700000177000003
-14.181571172155653,-21.518467588788685,25.589852620636595,17.800000178000005
-14.784008440085145,-7.243129531924316,41.98287845842661,17.900000179000003
-4.954954806275009,3.6027094970349944,32.785020158482055,18.000000180000004
0.5589498554275872,3.65284414297365,24.571880149269283,18.100000181000002
2.692184433534078,4.427556797629944,19.439778021868527,18.200000182000004
4.811862255090296,7.601441452577867,16.846298134784135,18.300000183000005
8.62419125357665,13.431803730820802,19.173018105212016,18.400000184000003
13.129956141510867,15.847079259380802,30.029506021376356,18.500000185000005
11.665505020680778,6.390897412472414,36.207585640360044,18.600000186000003
5.850733009324955,0.9642175638287991,30.015581071814655,18.700000187000004
2.7734875208137417,1.3042043056434296,23.310890215601198,18.800000188000002
2.3736810681100073,2.8575662258778327,18.282993314349202,18.900000189000004
3.6442162445071764,5.778311865554748,15.103119370296646,19.000000190000005
6.956160085857233,11.605884883582501,15.57435927208695,19.100000191000003
12.518133322129549,17.899449926499187,25.384939276655608,19.200000192000005
13.768885000732883,9.707301048524283,37.8652148796326,19.300000193000002
7.062247067483614,0.16328744432372377,32.90128678810863,19.400000194000004
2.278915247850402,-0.4461225038025524,25.038388129494262,19.500000195000005
0.8433067895220929,0.32382815456550906,19.16524354146204,19.600000196000003
0.7838586292377208,1.0865053507607807,14.725150251192527,19.700000197000005
1.4350225716080645,2.5051590951418996,11.446203344014554,19.800000198000003
3.2330338404003243,5.9951411032218855,9.609703654735647,19.900000199000004
7.66152130178852,14.099417732644971,12.103961408404308,20.000000200000002
15.170394099154052,21.37614820215791,29.058148484747953,20.100000201000004
13.57755148187004,4.333488039181862,41.601986170193214,20.200000202000005
3.7757226635395633,-3.836516257671059,31.334082758239234,20.300000203000003
-1.000225686046968,-3.677311608213444,23.699923053278088,20.400000204000005
-2.979031952638053,-4.767861016829908,18.91916764692355,20.500000205000003
-5.28297820119999,-8.362109898927338,16.842358292398426,20.600000206000004
-9.385876311069092,-14.351162270132916,20.354997275986452,20.700000207000006
-13.43863713204142,-14.91921455482003,31.918342507264644,20.800000208000004
-10.81811976889752,-5.022840629933809,35.694808435490465,20.900000209000005
-5.201294423705959,-0.8967985528803717,28.91837419021656,21.000000210000003
-2.6333425422057,-1.5475825080053005,22.482008916977588,21.100000211000005
-2.5293331943639017,-3.264977950316448,17.72380140444196,21.200000212000003
-4.089691769840979,-6.583019956980728,14.961163187456119,21.300000213000004
-7.841414339049662,-12.945827726358285,16.564420964238654,21.400000214000006
-13.35059714303509,-17.738293581802296,28.243332646106055,21.500000215000004
-12.848429421925246,-7.273407822853365,37.97187853833372,21.600000216000005
-5.940558856785305,0.20804884615032426,31.36538518167058,21.700000217000003
-1.9237358453561884,0.21361489805403033,23.8911652850642,21.800000218000005
-0.8734719976005987,-0.5949395670801106,18.316044071124225,21.900000219000006
-1.022399934991134,-1.5462568587781642,14.11184984430973,22.000000220000004
-1.9960944222554293,-3.53676486410205,11.133800293369823,22.100000221000005
-4.538809452106205,-8.391645727073909,10.196358930499061,22.200000222000003
-10.338281260940159,-18.010797762637537,16.53965924627893,22.300000223000005
-16.371895489924402,-17.094492520449144,37.24382238209715,22.400000224000003
-9.791989143719102,0.6795361077146396,38.01135328314915,22.500000225000004
-1.6403610545327338,3.52668158476019,27.942544921250338,22.600000226000006
1.5285243872651755,3.430151591283641,21.482723144585037,22.700000227000004
3.2521205427920865,5.1682780324629904,17.35844696597649,22.800000228000005
5.937639847458876,9.618414999625337,16.243522861156357,22.900000229000003
10.656205806072103,15.971607408700837,22.100493755302455,23.000000230000005
13.888857520379396,13.275905548539367,34.841870611507396,23.100000231000006
9.290217691521136,2.5994900167597352,34.72298077943412,23.200000232000004
3.882927987501816,0.3256752142987828,27.137698927803374,23.300000233000006
1.9322369156325219,1.2509062616380195,20.94317870450697,23.400000234000004
2.0374698001992857,2.8229476382233907,16.371054150717182,23.500000235000005
3.560296819392372,5.9568382579158605,13.584048523136282,23.600000236000003
7.266311952255777,12.483792434587603,14.746849432598488,23.700000237000005
13.369376604253613,18.90143620423956,26.687425369982876,23.800000238000006
13.720997037774602,7.956879765089539,39.0913550410648,23.900000239000004
5.986955782874828,-1.1010471213252166,32.21882666253936,24.000000240000006
1.3053202757525626,-1.275331428736213,24.28559972927641,24.100000241000004
-0.17047651955627718,-0.9558204213587238,18.561674773725784,24.200000242000005
-0.801143385771629,-1.445576224030462,14.27014690007965,24.300000243000007
-1.736728070070051,-3.1129710236522037,11.176773529242773,24.400000244000005
-3.9844313932250848,-7.40252736211452,9.845153404099841,24.500000245000006
-9.275888192829626,-16.5956775636841,14.52926627093771,24.600000246000004
-16.18688162344568,-19.300913063280802,34.52137039909536,24.700000247000006
-11.21211259316776,-0.6871445431178413,39.57623640317576,24.800000248000003
-2.277165202168517,3.7428234166387977,29.117668534888956,24.900000249000005
1.4186246547684653,3.560510381489064,22.286637557355377,25.000000250000006
3.21942978295789,5.095102430458591,17.96154892548408,25.100000251000004
5.783574712008476,9.26730562991278,16.56247850813472,25.200000252000006
10.286154573184676,15.45090703243082,21.67955957057344,25.300000253000004
13.73289955073644,13.755711633522182,33.971589562699485,25.400000254000005
9.719798178392978,3.3033026425960657,34.950990980451515,25.500000255000007
4.29694085550443,0.5820844649005605,27.614349663847022,25.600000256000005
2.2223002834972103,1.4806491280127094,21.387136941028523,25.700000257000006
2.3367407272492096,3.1977824090215003,16.81702990279627,25.800000258000004
4.000967136862883,6.605947116998606,14.202624043281398,25.900000259000006
7.92974793350777,13.312527274694826,16.0752728265763,26.000000260000004
13.711813034440343,18.198112344983606,28.72359830419969,26.100000261000005
12.872119896613398,6.6117809301438815,38.47552304582321,26.200000262000007
5.509169926706418,-0.7862756192856597,31.12118653155305,26.300000263000005
1.462873646434645,-0.6810177926016241,23.58858704886724,26.400000264000006
0.32842500530941077,-0.13963154019854704,18.039463224100768,26.500000265000004
0.1250176450052691,0.08816310824451072,13.81653668771625,26.600000266000006
0.16897870170114643,0.2852047897591324,10.584722458932088,26.700000267000007
0.3817554947140106,0.7231275976749107,8.118820717624713,26.800000268000005
0.973550838843912,1.9186524184935028,6.293048433575682,26.900000269000007
2.6364824381983225,5.299618680246208,5.3709632159728455,27.000000270000005
7.209508443292368,14.24060166949806,8.228361983550414,27.100000271000006
16.17695052947506,24.336812951367307,28.393213213752198,27.200000272000004
14.350036293462228,2.466099672933411,44.22748099389314,27.300000273000006
2.3632791625386185,-6.437542579397368,31.76362426572242,27.400000274000007
-3.0588438069040724,-6.12789777857146,24.829592258292227,27.500000275000005
-5.448376521750346,-7.689412675841697,21.634068240276836,27.600000276000006
-8.063116875178334,-11.078078524462331,22.187053155144532,27.700000277000004
-10.91920368451116,-13.008469662247016,27.575726061894485,27.800000278000006
-11.057481815569023,-9.087182457485634,32.4372946601463,27.900000279000004
-7.973115967964496,-4.616499259567456,30.353450416882122,28.000000280000005
-5.510367820987505,-4.151593696253104,25.58576769298624,28.100000281000007
-5.227357886925572,-5.954468183428194,21.850494969396124,28.200000282000005
-6.863510665734728,-9.343428235099012,20.73537692007533,28.300000283000006
-9.883387890712807,-13.040405905597293,24.36039195719362,28.400000284000004
-11.796125477382455,-11.722556216432972,31.35316274193456,28.500000285000006
-9.549824057493783,-5.831487273083964,32.374429210610145,28.600000286000007
-6.118725724769522,-3.563117741654885,27.692110254989892,28.700000287000005
-4.7771218327565075,-4.586125635512019,22.99708245007556,28.800000288000007
-5.579746040318788,-7.33636184468026,20.23158740735281,28.900000289000005
-8.201686689086209,-11.568673062128392,21.238942960036788,29.000000290000006
-11.482578638926457,-13.856941181179423,27.946157867880075,29.100000291000004
-11.381915937422146,-8.659567803105633,33.54008646702039,29.200000292000006
-7.548304217313274,-3.6511847075705472,30.528043763434194,29.300000293000007
-4.811906496806873,-3.362055716639787,25.05138391115976,29.400000294000005
-4.513915652785141,-5.2666649479319405,20.843701992344304,29.500000295000007
-6.226919521634278,-8.896710717941628,19.23787723062383,29.600000296000005
-9.680111625192552,-13.590956991200958,22.781833700817145,29.700000297000006
-12.454825135699686,-12.993782225579013,31.568910615087635,29.800000298000008
-10.087920372837857,-5.600175167087333,33.689069390106496,29.900000299000006
-5.813124674364785,-2.5496623571566737,28.25298663422424,30.000000300000007
-3.9635673539009293,-3.4079964430234213,22.7737589620929,30.100000301000005
-4.446884507939858,-5.899982582814117,19.0783239743181,30.200000302000007
-6.896492156065079,-10.36006655617524,18.620795647107148,30.300000303000004
-10.99426834445884,-15.073209906177226,24.720834826742596,30.400000304000006
-12.773129666993277,-11.267663398090763,34.17122568555402,30.500000305000007
-8.642171828784486,-3.362983999184619,32.87320993490588,30.600000306000005
-4.508452173511937,-1.9004091145725108,26.3983971735932,30.700000307000007
-3.277951787276559,-3.2344538279570663,21.004568201846556,30.800000308000005
-4.1746379303487045,-6.000457413906966,17.53525277761576,30.900000309000006
-7.058402060004835,-11.065243613437065,17.606077106422507,31.000000310000008
-11.72866049676681,-16.19996774173894,25.37872535524997,31.100000311000006
-13.101029291496952,-10.376052177022494,35.76204544216452,31.200000312000007
-7.8858396726157425,-2.0141186798526913,32.71064617849887,31.300000313000005
-3.5908123814882247,-1.053756136871092,25.613953128891833,31.400000314000007
-2.4099106499211476,-2.328947785856603,20.00867403612969,31.500000315000005
-3.1429559071631243,-4.680059832990584,16.138549977910994,31.600000316000006
-5.691975885047743,-9.425669996825864,15.043851471662087,31.700000317000008
-10.687302193854059,-16.515083537515874,21.162516757949103,31.800000318000006
-14.394874394583017,-13.875537908421578,35.43748591055513,31.900000319000007
-9.342495144575775,-1.9612849366286675,35.41623314674807,32.000000320000005
-3.422765458424373,0.44753059516006344,27.26327626614449,32.100000321
-1.2300628406363412,-0.3019423845738868,20.853086271099656,32.20000032200001
-0.9596345388216464,-1.1859768261251666,16.036039488617664,32.300000323000006
-1.5947117634734882,-2.689872268309644,12.490358609751148,32.400000324000004
-3.4385050844113696,-6.233321612691428,10.528406440479385,32.50000032500001
-7.8657185521735,-14.226514342595971,13.076106839870612,32.60000032600001
-15.031748511026045,-20.65161577333778,29.58199495140366,32.700000327000005
-13.233742809405882,-4.326626948089357,40.885563030136346,32.80000032800001
-3.927316166999542,3.288019908101246,31.051034284964096,32.90000032900001
0.5962398497601027,3.1113601899605587,23.438893856071505,33.000000330000006
2.406348349450334,3.9852690223271217,18.446769128425085,33.100000331000004
4.437065492473311,7.193335423413237,15.781372138332127,33.20000033200001
8.33048150582187,13.405665441556367,17.894411224382917,33.30000033300001
13.386163686409308,16.829192486735174,29.53275822831956,33.400000334000005
12.161936794910948,6.4693707369809905,37.134983719355596,33.50000033500001
5.714581562390034,0.2540352145155449,30.48335713535438,33.60000033600001
2.239574289366916,0.4900821830436691,23.399903076656265,33.700000337000006
1.5382846103876204,1.640335894776113,18.07792900984682,33.800000338000004
2.2357380250844603,3.551604420165911,14.256267376666852,33.90000033900001
4.437700869454508,7.758563883722662,12.530735313980745,34.00000034000001
9.339955456685344,15.822559360993765,16.799375007004507,34.100000341000005
15.16330881454533,17.653570284487007,33.49518103932414,34.20000034200001
11.185328355036361,2.553536555805917,38.31724590250557,34.30000034300001
3.4627910551762215,-2.0025272819542783,29.09092631561601,34.400000344000006
0.13977727795949413,-1.6168280400677575,22.043807603927856,34.500000345000004
-1.0271720013410708,-1.9383406709333435,16.966148912595422,34.60000034600001
-2.155234545646131,-3.6979012602953674,13.38048463596218,34.70000034700001
-4.571241479459264,-8.15089850579405,11.954612102652302,34.800000348000005
-9.815947038253247,-16.679995438247087,17.104308135011287,34.90000034900001
-15.570678982069573,-17.22524398543523,35.046580938224054,35.00000035000001
-10.522203122489401,-1.272882248256475,38.049132995921646,35.100000351000006
-2.772021762963102,2.445140277857542,28.49460174975081,35.20000035200001
0.38598399306649,2.112105430508474,21.650829318529134,35.30000035300001
1.6798115874950985,2.8824356893282372,16.820990531188475,35.40000035400001
3.3130404546072616,5.613605867080404,13.793899226980008,35.500000355000005
6.806672179900053,11.73152385854437,14.37730833051593,35.60000035600001
12.829429450561898,18.78396459645602,25.070418480547218,35.70000035700001
14.186066596404725,9.568080649383997,38.89386594326765,35.800000358000005
6.704849383217637,-0.7796563590227721,33.04956037410381,35.90000035900001
1.615732460491127,-1.2641802932079658,24.89768091417359,36.00000036000001
-0.02085336187064224,-0.8521405205464819,19.012956936995927,36.100000361000006
-0.6223871898832044,-1.1678579999713365,14.593782836081315,36.200000362000004
-1.3738980036180841,-2.4602875520009815,11.33244745134163,36.30000036300001
-3.1489113960922523,-5.874667477252152,9.479855279897343,36.40000036400001
-7.523969879312585,-13.911424151088898,11.822779716827325,36.500000365000005
-15.081045401746195,-21.535427587631546,28.555606884307263,36.60000036600001
-13.789767388239891,-4.542801377268823,41.72177446882047,36.70000036700001
-3.8506736412125973,3.9026481147490024,31.445210241263013,36.800000368000006
1.018873650749653,3.7499959898151927,23.773819696551804,36.900000369000004
3.0326139390940496,4.844870866499607,19.003562839056254,37.00000037000001
5.3591385740379085,8.452858147361166,16.97498513791758,37.10000037100001
9.448636263729576,14.38685112794133,20.556194827189266,37.200000372000005
13.4152574088699,14.756432572755575,32.05879766057917,37.30000037300001
10.687384984891395,4.876994254570152,35.52523748942878,37.40000037400001
5.144370259060182,0.9507478491510981,28.75795979189224,37.500000375000006
2.663797908159733,1.6436087325517186,22.38281337239198,37.600000376000004
2.6188549839366186,3.4173324602562123,17.68777110307755,37.70000037700001
4.260780487311809,6.860070092491144,15.052507209252072,37.80000037800001
8.127827378084865,13.321908622881892,17.025453811790175,37.900000379000005
13.522178766385167,17.482685238437224,29.087990575076248,38.00000038000001
12.504684312992252,6.645304926429285,37.79136748651817,38.10000038100001
5.672058137887127,-0.19585716427877498,30.899477294567802,38.200000382000006
1.8983739084718043,-0.06445017183547769,23.568297785230296,38.30000038300001
0.9752009947509833,0.7997498276496731,18.089305116219844,38.40000038400001
1.246827572209705,1.9336233929228905,13.980413436109842,38.50000038500001
2.4757690387366176,4.391365252043365,11.209617356410337,38.600000386000005
5.59419917090637,10.264988046291387,11.117058692073327,38.70000038700001
12.090622695262397,19.766824228068604,20.663736849386897,38.80000038800001
15.87064306488254,12.558231017037585,40.05061946467949,38.900000389000006
7.52412258949185,-2.0147453581477244,35.39714959089147,39.00000039000001
0.8160232158636669,-3.134018548688279,26.209925183256807,39.10000039100001
-1.6448918396418197,-3.24734182903707,20.254314771657548,39.20000039200001
-3.2868217126655805,-5.2837457724166725,16.429535296788764,39.300000393000005
-6.170386207506645,-10.164954778804917,15.754458510529657,39.40000039400001
-11.23295387144563,-16.753156921214313,22.808405969803243,39.50000039500001
-14.058278355155153,-12.422891682300143,36.051266113393424,39.600000396000006
-8.611909044492204,-1.612941561922859,34.340761371054334,39.70000039700001
-3.270986252379375,0.06398322125791488,26.472466993919827,39.80000039800001
-1.4692648592461315,-0.8295683750184952,20.33217974247076,39.90000039900001
-1.4961997910959217,-2.082801332302895,15.74816750530092,40.000000400000005
-2.6713868304180934,-4.553520542960827,12.647774619747286,40.10000040100001
-5.698744816591642,-10.157739550440876,12.336034577468705,40.20000040200001
-11.801877607587816,-18.921426330288668,21.082839446829222,40.300000403000006
-15.432378626997753,-12.85958967145799,38.879193365410536,40.40000040400001
-7.974010179827263,0.9595715677365375,35.27464258659819,40.50000040500001
-1.5407621193854908,2.308337253110646,26.282922943283925,40.60000040600001
0.772745780564438,2.1219951429048005,20.103297048505098,40.70000040700001
1.975010023181031,3.3117277697372534,15.728118556212973,40.80000040800001
3.926047187692117,6.742492921607126,13.319208797248516,40.90000040900001
8.124458695148721,13.860676720305385,15.640766763601293,41.000000410000006
14.196377349344576,18.624304944536046,29.630188651357187,41.10000041100001
12.703602959104133,5.5051194003233554,38.93545995600954,41.20000041200001
4.888736684527773,-1.4411799276724708,30.767074583702044,41.30000041300001
0.88891908840393,-1.2344187181773192,23.2434896436254,41.40000041400001
-0.3473156612930184,-1.0621589460565688,17.789007254560023,41.50000041500001
-1.0119155858917728,-1.7833135431689773,13.710516416252792,41.60000041600001
-2.186627022366738,-3.9409263024152557,10.891362797594619,41.700000417000005
-5.038877595171687,-9.326850925356272,10.396645334784838,41.80000041800001
-11.287916000265538,-19.16458415237349,18.44522406258898,41.90000041900001
-16.31495366112823,-14.93713025494414,39.13543672874076,42.000000420000006
-8.531355562986834,1.6892542513220294,36.655411275240624,42.10000042100001
-1.063664520284874,3.4570719709779687,26.990056607109885,42.20000042200001
1.734703955031613,3.5013100815289486,20.85622608170428,42.30000042300001
3.4677867142150474,5.511568343079919,16.998942838548547,42.400000424000005
6.364308973952385,10.322870820988927,16.40608091545695,42.50000042500001
11.26731064848773,16.471705835022362,23.422435690959848,42.60000042600001
13.767046229218613,12.009544790542588,35.78026706241674,42.700000427000006
8.526271026826143,1.9021793367615332,33.92782089879266,42.80000042800001
3.482012874799257,0.3468855553003531,26.337945897108654,42.90000042900001
1.8408921705874828,1.359216873622874,20.33513186923929,43.00000043000001
2.0948712175054864,3.010363987259928,15.928804854705943,43.10000043100001
3.7770021507921285,6.3821551260068485,13.375370165430006,43.20000043200001
7.756669571286338,13.282592608721464,15.194187068036328,43.30000043300001
13.884233619726512,18.854871297462495,28.38927979603352,43.400000434000006
13.156727750721544,6.515597220553243,39.13732579953885,43.50000043500001
5.33353144379684,-1.3369100281380846,31.409588787635027,43.60000043600001
1.0419784078107077,-1.27311367062307,23.701049235128757,43.70000043700001
-0.2972794340810934,-1.047464977852521,18.130475065381262,43.80000043800001
-0.960348629970893,-1.6989403594370711,13.963569904342554,43.90000043900001
-2.068986829787505,-3.7167511572000995,11.044421008694705,44.00000044000001
-4.7520048826617645,-8.799601572327814,10.28380136098077,44.100000441000006
-10.741362168980169,-18.500838010683417,17.350527935585628,44.20000044200001
-16.366021331582935,-16.194597188609215,38.0950145916588,44.30000044300001
-9.187012711303378,1.1942857244044456,37.438095448383955,44.40000044400001
-1.3462687231124264,3.5194568699440834,27.526688328673906,44.50000044500001
1.648337578642641,3.484655749572068,21.218806607037653,44.60000044600001
3.3761284469046586,5.358941660690453,17.226878980928866,44.70000044700001
6.166366312331252,9.982505722655352,16.374122489847824,44.800000448000006
10.972370112351445,16.219431573706046,22.809191183195534,44.90000044900001
13.809298433627735,12.54907070331641,35.295860865138145,45.00000045000001
8.908827402443434,2.3125234303662587,34.35177764008127,45.10000045100001
3.7182187933941813,0.38681942495386235,26.776424949304833,45.20000045200001
1.931453319385468,1.3630754363098134,20.68323671674637,45.30000045300001
2.130583138268672,3.0112795778481893,16.206258244211476,45.40000045400001
3.778187443557891,6.345545842491246,13.588332926836543,45.50000045500001
7.697185392759051,13.135721840542278,15.289323382202317,45.60000045600001
13.751801987559862,18.737316838411957,28.119497398325315,45.70000045700001
13.236142879778209,6.911895213947959,39.008705416361295,45.80000045800001
5.5321390171271245,-1.154030274128488,31.494064052188456,45.90000045900001
1.213042824283232,-1.116022333329811,23.782716003555795,46.00000046000001
-0.10198467282142432,-0.7853203950660427,18.182261626051876,46.10000046100001
-0.6368824510369816,-1.170169494865295,13.95962194773856,46.20000046200001
-1.4064489466521684,-2.5408471232839815,10.853647774845319,46.30000046300001
-3.273464933812783,-6.149046865497078,9.17642258075209,46.40000046400001
-7.882516896849912,-14.579596747945203,12.033744093511363,46.50000046500001
-15.524799978727078,-21.47462191399491,30.038609170125092,46.60000046600001
-13.265407971513842,-3.2965859255657666,41.55593165352212,46.70000046700001
-3.3046777449743554,4.132095507702974,30.906044626482007,46.80000046800001
1.3245489157914894,3.94077589228047,23.49016982734062,46.90000046900001
3.3359726916084655,5.239503726254734,18.955247883963406,47.00000047000001
5.817510004235153,9.107755568386574,17.37171446362993,47.10000047100001
10.022449516937119,14.832930294493364,21.865001368386004,47.200000472000006
13.350529117083308,13.675555381537196,33.089103000746505,47.30000047300001
9.961605876102443,4.141186669433697,34.705601630790945,47.40000047400001
4.825766139447566,1.182618955539974,27.9113802254304,47.50000047500001
2.780646782790947,2.0896136699631986,21.837613626439808,47.60000047600001
3.0330241323756195,4.141728745895748,17.472669385857827,47.70000047700001
5.068915983917229,8.161168872376523,15.51756183756913,47.80000047800001
9.410727552424891,14.851667332118392,19.320764384927287,47.900000479000006
13.982209108324128,15.766744255391208,32.43357780275305,48.00000048000001
10.898307189080775,4.200747812273731,36.50003533994479,48.10000048100001
4.627960470653068,-0.0288732267016662,28.92216071954658,48.20000048200001
1.8403779717921565,0.5701495124912495,22.18482670389583,48.30000048300001
1.442736802845989,1.7240269280407294,17.140381469214645,48.40000048400001
2.284802900648102,3.7461187088344117,13.556804344814086,48.50000048500001
4.69325862902381,8.302177239240201,12.179912719721427,48.60000048600001
9.955658095167093,16.773699175730293,17.523939223491837,48.70000048700001
15.496455564493381,16.827791170524637,35.25897064375765,48.80000048800001
10.327981995841775,1.215702220165861,37.73241036841583,48.90000048900001
2.7710016566375244,-2.280279712174287,28.305222970172416,49.00000049000001
-0.2740953599181776,-1.9222886788553055,21.50663000099991,49.10000049100001
-1.4875316824091602,-2.5927684406404703,16.658043658704468,49.20000049200001
-2.97847857587688,-5.079624261944144,13.493753171948953,49.30000049300001
-6.214943823472695,-10.857205549558593,13.50281124139035,49.40000049400001
-12.235261451103215,-18.773772000487213,22.990375409299766,49.50000049500001
-14.81244612082105,-11.383457678680738,38.755148048566056,49.60000049600001
-7.452453587876906,0.7014398538408269,34.19614459273712,49.70000049700001
-1.712973917298183,1.6464532744997777,25.65716627478237,49.80000049800001
0.24610906674128413,1.3002506506008598,19.58455319648662,49.90000049900001
1.0790876218786567,1.911884571367787,15.097710678440944,50.00000050000001
2.2674629523530205,3.9945751574895563,11.986151633256659,50.10000050100001
5.0310634526274205,9.144338356140036,11.237178741424188,50.20000050200001
10.96537580548383,18.43141497060285,18.53462038661649,50.30000050300001
15.98433454502545,15.250238024558875,38.04066557901541,50.40000050400001
8.94711013830022,-0.8233047991890252,36.73939890496113,50.50000050500001
1.612046766945864,-2.923252049660161,27.185422112617008,50.60000050600001
-1.1500627068009375,-2.791330225934259,20.834668219514054,50.70000050700001
-2.6339089673022977,-4.294739832244383,16.54910151221215,50.80000050800001
-5.0155437648190535,-8.376612098006873,14.765734326383901,50.90000050900001
-9.676304736385653,-15.483941645839407,19.15028199234192,51.000000510000014
-14.380352436527986,-15.774011546528076,33.43226154254542,51.10000051100001
-10.648757366192802,-3.333617670005882,36.703241452407376,51.20000051200001
-4.116192060030054,0.5401053301025112,28.552864401766357,51.30000051300001
-1.3557155943529362,-0.07224947591053194,21.795279713080625,51.40000051400001
-0.840792175229672,-0.8806659700330665,16.733322787527428,51.50000051500001
-1.2574592054140556,-2.0615390735489303,12.945159467160575,51.60000051600001
-2.6401455708643047,-4.78700417013612,10.480593453141418,51.700000517000014
-6.125224376486133,-11.317108839021621,11.050860107050188,51.80000051800001
-13.085096803587774,-20.759643767917183,22.79788127049882,51.90000051900001
-15.51996681319531,-10.085987038596764,41.270192983601284,52.00000052000001
-6.237743603755028,2.932830366412455,34.075757005080995,52.10000052100001
-0.10309175771701429,3.391876493936373,25.337574269393674,52.20000052200001
2.164202101729921,3.810954021659095,19.78659682835903,52.30000052300001
4.030798894921054,6.422734033706101,16.530118701020285,52.40000052400001
7.418467665423224,11.94288630673878,17.259846293013435,52.50000052500001
12.45722642303487,16.875213317587882,26.71620464169617,52.60000052600001
13.006558306056053,8.954320178487738,36.78612518370954,52.70000052700001
6.9763937799134546,0.9797367365304708,32.01739829282131,52.80000052800001
2.8595977281692004,0.5813075012031719,24.71658320481176,52.90000052900001
1.8267031104140172,1.763939703937075,19.139956157474693,53.00000053000001
2.447596005533897,3.7454466138114393,15.150759095345215,53.10000053100001
4.6461413759173045,7.953330926164839,13.378540639735968,53.20000053200001
9.445416058726716,15.672902728488456,17.651393516596247,53.30000053300001
14.86320138887188,16.991723744785755,33.41095189400832,53.400000534000014
11.022098496824634,2.931415159256152,37.76079824626437,53.50000053500001
3.7445687478825054,-1.4460074618446002,28.962412081780993,53.60000053600001
0.6075995892138101,-0.9883052016393203,21.973270416234158,53.70000053700001
-0.32601552381210985,-0.8897460306721672,16.82651866410455,53.80000053800001
-0.8894947655619011,-1.5797471487633137,12.953600395682763,53.90000053900001
-1.9649569647232625,-3.5892725487819295,10.235583141938855,54.00000054000001
-4.639410715268844,-8.707244905675086,9.57662741665182,54.100000541000014
-10.762324526056872,-18.804137190279455,16.787248270779884,54.20000054200001
-16.655757047600353,-16.48458811532368,38.55306876660678,54.30000054300001
-9.169250041308489,1.654996882375344,37.651217935353685,54.40000054400001
-1.061756496675128,3.929500877854006,27.571464063783928,54.50000054500001
2.0317943759447568,3.977953556635737,21.387946973854532,54.60000054600001
3.9181867308970832,6.1098256343383746,17.694382895960864,54.70000054700001
6.947827000684285,10.972461551463635,17.610607527196954,54.800000548000014
11.615915349975994,16.120366512494453,25.153134096757675,54.90000054900001
13.132551635572993,10.635185740080566,35.620193257773494,55.00000055000001
8.000304173618007,2.099679276928071,32.80001143343999,55.10000055100001
3.6597453872497256,1.0800035197660602,25.71024615291189,55.20000055200001
2.450526101040059,2.352644286965708,20.095336047852047,55.30000055300001
3.1767612925027526,4.714005834802408,16.22241588252097,55.40000055400001
5.727773456807902,9.460296361697281,15.14372565924014,55.500000555000014
10.706982506203682,16.49552375528557,21.277610950689095,55.60000055600001
14.351771543064482,13.737893746358253,35.425274721792974,55.70000055700001
9.333003613891083,2.0253308633271425,35.36038796559378,55.80000055800001
3.466050883640402,-0.3728184077552124,27.253822250539844,55.90000055900001
1.2974232550919003,0.3930437396835229,20.85996236847096,56.00000056000001
1.0634227056578651,1.3454862447532183,16.058429158832947,56.10000056100001
1.7886663448441769,3.019749938010541,12.561352216586853,56.200000562000014
3.845060523534527,6.95319899635049,10.821537904905906,56.30000056300001
8.659073103921083,15.382892713956373,14.392129313271278,56.40000056400001
15.496618077194821,19.652410320377335,32.188705185969205,56.500000565000015
12.100642776044511,2.625256601657073,39.9274119402209,56.60000056600001
3.256959954234216,-3.1315141870866188,29.927993793137347,56.70000056700001
-0.6867289899839024,-2.881097327390557,22.68855806440438,56.80000056800001
-2.334091685527146,-3.8595840734471203,17.84345522869107,56.900000569000014
-4.364454508918928,-7.16632638036169,15.259609080625031,57.00000057000001
-8.363281898141283,-13.614795411254756,17.523359389894164,57.10000057100001
-13.610467793636179,-17.140847554282704,29.78119979766113,57.200000572000015
-12.196476075812,-6.107398147579148,37.47890663048512,57.30000057300001
-5.467247625304574,0.11888748365004398,30.430981205471188,57.40000057400001
-1.9287454975404552,-0.13653482736270584,23.255315937339464,57.50000057500001
-1.142598287983248,-1.0939445782533195,17.882626941244027,57.60000057600001
-1.581714267215538,-2.5039570976049914,13.900582327375721,57.70000057700001
-3.1779983972222077,-5.634690076446084,11.470796284163217,57.80000057800001
-7.063069752390202,-12.673744489525086,12.845405023167803,57.900000579000015
-13.912654269518956,-20.37622053244876,26.352737494922327,58.00000058000001
-14.243321489407192,-7.426699209624001,40.735309868285455,58.10000058100001
-5.350374728776799,2.5121969150780057,32.45382942882001,58.20000058200001
-0.24412840468115987,2.6001311880621447,24.31350520436476,58.30000058300001
1.5997219975780057,2.9451938321184254,18.822197492654396,58.40000058400001
3.153412762013951,5.185927131304476,15.25222876718742,58.50000058500001
6.173396420165243,10.422550648870823,14.833019571479008,58.600000586000014
11.622155507695034,17.570442446595038,22.819936900948314,58.70000058700001
14.394935834583753,12.006586290643293,37.16030977718762,58.80000058800001
8.189637856060788,0.7009800233409154,34.378800934794654,58.900000589000015
2.6552181105840837,-0.7066925891438525,26.163477381533028,59.00000059000001
0.7919081974149567,0.0016630824869346555,19.986361336249658,59.10000059100001
0.5028289192413399,0.5660713592575537,15.322211870327582,59.20000059200001
0.8100058443851985,1.3770081041447537,11.788971097257487,59.300000593000014
1.789335949928009,3.3155645879035873,9.28840098382831,59.40000059400001
4.353330741300376,8.299525874818297,8.641664963125393,59.50000059500001
10.461919016010635,18.734164594004042,15.46966724306713,59.600000596000015
17.010605143080376,17.57297380485874,38.42601549457919,59.70000059700001
9.47524955908829,-1.9975756629201007,38.37001375123406,59.80000059800001
0.8222431356588444,-4.519541497927996,27.934547007479264,59.90000059900001
-2.5003735652972603,-4.611661017178493,21.854986816754735,60.000000600000014
-4.556606057508875,-6.93096245059604,18.521550246084722,60.10000060100001
-7.724383222804221,-11.751460918423387,19.240619192355695,60.20000060200001
-11.935646528847466,-15.378436336972177,27.236235801942392,60.300000603000015
-12.244506666022188,-9.053801340753743,35.145287470497315,60.40000060400001
-7.402640547742945,-2.425488802971129,31.438818006320496,60.50000060500001
-3.905613913336943,-1.9794700295491028,24.969922595402664,60.60000060600001
-3.2211220899546245,-3.6053284683737137,19.922202697484522,60.700000607000014
-4.519997242040886,-6.7684509918737366,16.961346713668494,60.80000060800001
-7.8799640825497175,-12.369973771510871,18.201183933901465,60.90000060900001
-12.617467313687968,-16.363763472210827,27.89677110915629,61.000000610000015
-12.461319475631933,-8.101214206171353,36.39126736689803,61.10000061100001
-6.68593363793059,-1.2327080297101332,31.297693031675273,61.20000061200001
-3.019945010235522,-1.0743619476069097,24.3227347821245,61.300000613000016
-2.2635901636679243,-2.467461895245338,18.996466450666638,61.400000614000014
-3.235231273373562,-5.007964079659667,15.414110923151219,61.50000061500001
-6.086117945364752,-10.20590394923048,14.86754281114029,61.60000061600001
-11.429292500850153,-17.350430494836935,22.45665818410193,61.700000617000015
-14.413891351012191,-12.446420220056961,36.822978819912706,61.80000061800001
-8.411672022461756,-0.9147791762139157,34.59065160266766,61.90000061900001
-2.796358442180776,0.6591848228573629,26.365428962115246,62.000000620000016
-0.8760772706948519,-0.06568378751781268,20.144243322370407,62.100000621000014
-0.5970035689476492,-0.699959705545181,15.450823584898483,62.20000062200001
-0.979485782653251,-1.6656043183784448,11.912193544947463,62.30000062300001
-2.154054541169318,-3.987288894063589,9.49864461167648,62.400000624000015
-5.195641032260652,-9.847898591648278,9.43053977079112,62.50000062500001
-11.948764542214478,-20.3369020311962,18.97534280770077,62.60000062600001
-16.59576942952774,-13.580861637940277,40.878292344824274,62.700000627000016
-7.532556311196499,3.0171167298454558,36.13155437806847,62.800000628000014
-0.1589005332224276,4.166921842531762,26.593663273102948,62.90000062900001
2.599461472106697,4.5081765139328045,20.917204098075306,63.00000063000001
4.646190955130447,7.157830619923306,17.86120883498728,63.100000631000015
8.04235380852857,12.36372504759787,19.141521971251063,63.20000063200001
12.406729096616143,15.660462793930098,28.24042860858544,63.30000063300001
12.093028333895898,8.028188967587587,35.65283874782244,63.400000634000016
6.797344871589943,1.8045269648141953,30.937521102527,63.50000063500001
3.4463443513783982,1.7057539452888864,24.319720847516376,63.60000063600001
2.890993229462044,3.336948276700533,19.267084739267112,63.70000063700002
4.210352421676047,6.454439722152742,16.230570186726375,63.800000638000014
7.609156601016373,12.234475253434454,17.261488815285126,63.90000063900001
12.69356742283419,16.991095806649554,27.266091546632108,64.00000064000001
12.88505878559248,8.407203001433967,36.99626813685029,64.10000064100001
6.695939767655631,0.762487306407861,31.754979169220537,64.200000642
2.681774379028855,0.4987417184052837,24.459303282456737,64.30000064300002
1.70354020863441,1.6514239080828714,18.913135170458318,64.40000064400002
2.302967651100475,3.5481003130729754,14.920283345717035,64.50000064500001
4.418477134129941,7.613612921439105,13.030797441414304,64.60000064600001
9.130402270277312,15.370295608963804,16.870007470750565,64.70000064700001
14.882363144895809,17.6474478431171,32.72603139404974,64.80000064800001
11.42566783678669,3.1863399825284198,38.20638612577294,64.900000649
3.8270668200608617,-1.6755728665198615,29.281055181274404,65.00000065000002
0.4746478303455186,-1.2648276579279194,22.182809804815033,65.10000065100002
-0.5929735485899131,-1.3097126579306932,17.00833726018721,65.20000065200001
-1.3846437104161289,-2.41156736902378,13.18659225790982,65.30000065300001
-2.9975246073394373,-5.422849376212232,10.832239715514962,65.40000065400001
-6.853286313547516,-12.478469208380382,12.102568863786667,65.50000065500001
-13.903137551161706,-20.81866732046255,25.6766021860469,65.60000065600002
-14.582658591514877,-7.646366442691429,41.225208967003084,65.70000065700002
-5.330730582435067,2.914083508284693,32.7749440815614,65.80000065800002
0.030676233104748873,3.0343700269762803,24.523872817790092,65.90000065900001
2.022502790033742,3.5363683555730603,19.119587599273014,66.00000066000001
3.814053453335608,6.170999213585617,15.8698090064307,66.10000066100001
7.2197168994982475,11.839523068363526,16.499032561633868,66.20000066200001
12.51735092029918,17.363992791045494,26.186264084464437,66.30000066300002
13.345155861458009,9.218203000337686,37.296662960239374,66.40000066400002
6.9672032399409085,0.564445693736876,32.360501769283744,66.50000066500002
2.56621559686793,0.10222842761287121,24.801007504887906,66.60000066600001
1.3609067946359459,1.0928396856941542,19.080067049453195,66.70000066700001
1.6726789265671087,2.520681278408582,14.84004662024883,66.80000066800001
3.1912258562672227,5.551060962467545,12.19949469127188,66.90000066900001
6.907540511832812,12.254283136043842,13.2385512641596,67.00000067000002
13.483222576596845,19.87046333884613,25.631406793272006,67.10000067100002
14.346879203649292,8.305748150397141,40.17285839342583,67.20000067200002
5.852555593241247,-1.9833570633972015,32.711064877999064,67.30000067300001
0.6959126396356621,-2.1842191901455412,24.499987965962383,67.40000067400001
-1.090095435323252,-2.271878860453655,18.83615812236074,67.50000067500001
-2.3442071103426576,-3.9171645483896094,14.888830309981364,67.60000067600001
-4.722974698451745,-8.17034179203245,13.238714017924682,67.70000067700002
-9.667070920428094,-16.02828102264629,17.897420828953862,67.80000067800002
-14.998275094092888,-16.73311345773493,34.06904166352757,67.90000067900002
-10.69131820958377,-2.3332782291236236,37.5140505322717,68.00000068000001
-3.443844393201128,1.5832368830108159,28.592688578635077,68.10000068100001
-0.42731307057004464,1.1150698779692616,21.70015495833368,68.20000068200001
0.5170850823610352,1.1534980426745216,16.634000870486926,68.30000068300001
1.2264697057930718,2.150652976642975,12.86511695511142,68.40000068400002
2.6880174863008985,4.899518875297435,10.440155285483797,68.50000068500002
6.256976610826951,11.54283792551707,11.161255004691087,68.60000068600002
13.278172189846472,20.872581534659208,23.33276652023379,68.70000068700001
15.374636424981,9.556557770116594,41.38370992030257,68.80000068800001
6.008893030459384,-3.011306479305523,33.7795598633228,68.90000068900001
0.03152724731603773,-3.359333363778579,25.148154074268064,69.00000069000001
-2.1851250320086333,-3.8200073783530675,19.652578318762167,69.10000069100002
-4.0631720640987465,-6.484239887816177,16.447865082179526,69.20000069200002
-7.494164569227653,-12.069942983319851,17.28969526720899,69.30000069300002
-12.550661172835563,-16.906783180183,26.961718889868294,69.40000069400001
-12.947360192191784,-8.718564135304863,36.853599521336385,69.50000069500001
-6.858418775159256,-0.900459332290354,31.89374929877561,69.60000069600001
-2.7946277632971577,-0.5637268071161557,24.603196403788825,69.70000069700001
-1.7914639735722255,-1.7420935928703765,19.045370004738846,69.80000069800002
-2.4158921106742524,-3.7087770146542915,15.065600547280457,69.90000069900002
-4.6049415945891985,-7.900284803772037,13.281650509451813,70.00000070000002
-9.401326562774521,-15.64753634389895,17.500753266015113,70.10000070100001
-14.890951140088616,-17.10168419983201,33.33880959600737,70.20000070200001
-11.125002889875494,-3.083185012086164,37.92725027841504,70.30000070300001
-3.7956372059715635,1.4809823583035533,29.121062886361436,70.40000070400002
-0.5942091785430762,1.0443033998878044,22.08548191376725,70.50000070500002
0.37270963857812556,0.9683051901773797,16.915058030131735,70.60000070600002
0.9791273915218642,1.7301065228825476,13.035349193641219,70.70000070700002
2.1503638121654833,3.9219262060019657,10.36014757044455,70.80000070800001
5.05004648874604,9.445276277292537,9.98985140187676,70.90000070900001
11.456485533519343,19.523542211137798,18.438628630299572,71.00000071000001
16.461396267097687,14.57981048756852,39.72339653588406,71.10000071100002
8.25909652067436,-2.138094958360003,36.60968425279593,71.20000071200002
0.7562252728194059,-3.7444736977792377,26.922760850319566,71.30000071300002
-2.056289222886551,-3.8864036360857184,20.92402591421137,71.40000071400002
-3.9127576575602463,-6.138822768898146,17.331134416683444,71.50000071500001
-7.023035614343284,-11.17236970736781,17.41379008729447,71.60000071600001
-11.813516891512371,-16.369858500056885,25.407552475403953,71.70000071700001
-13.170830480590947,-10.327345641759894,35.98221350358783,71.80000071800002
-7.775054713744142,-1.7739206310415208,32.68444958932855,71.90000071900002
-3.438187637674931,-0.9053090001049915,25.48689498045825,72.00000072000002
-2.2556299631714274,-2.1510256702065864,19.853967363368906,72.10000072100001
-2.9371260995087964,-4.391873601103297,15.915810556862683,72.20000072200001
-5.3723324870833915,-8.970936627916396,14.575093077943112,72.30000072300001
-10.324004356323991,-16.31879009696612,20.105502062473025,72.40000072400001
-14.577233514585421,-14.770278435980593,34.958392704092226,72.50000072500002
-9.845572746954664,-2.2244571593519735,36.097583612442705,72.60000072600002
-3.529521084247951,0.7142256176265859,27.759425944551825,72.70000072700002
-1.0693899700155862,0.05100726112714256,21.178859305722455,72.80000072800001
-0.6068540783594115,-0.6047663776197651,16.238854269632355,72.90000072900001
-0.8969764474807455,-1.4804121833173005,12.502984443895542,73.00000073000001
-1.9159495090785061,-3.499749924177213,9.876261912983422,73.10000073100001
-4.5599011601851585,-8.637177933626042,9.232081995447421,73.20000073200002
-10.713771314329575,-18.852950701754956,16.426625316076482,73.30000073300002
-16.787196523133634,-16.66473697249165,38.655638983038436,73.40000073400002
-9.1946389464439,1.827058163274476,37.86592802619324,73.50000073500001
-0.9353274061788643,4.148439346765439,27.68118927188878,73.60000073600001
2.2233350268308048,4.22539410739052,21.546992968927455,73.70000073700001
4.177572794385684,6.451313892538142,17.997711142728065,73.80000073800001
7.281906383310771,11.338497265718932,18.255711699126255,73.90000073900002
11.797184852162893,15.88293873825155,26.088853770453092,74.00000074000002
12.77937008798216,9.978373490145849,35.48846096444875,74.10000074100002
7.7560423411503745,2.229623461809741,32.243561969167956,74.20000074200001
3.7581804276100383,1.4425354288996395,25.41052426093267,74.30000074300001
2.758728139442177,2.854120259060277,20.01140967915633,74.40000074400001
3.7178574546381906,5.552637261126488,16.472007936493952,74.50000074500001
6.6383141874584135,10.770865877409241,16.28481677709693,74.60000074600002
11.697235193161907,16.882453620665796,24.195665810076296,74.70000074700002
13.723691502644417,11.225977798299311,36.42636040773648,74.80000074800002
8.045315735126183,1.3952541985673983,33.485444119801976,74.90000074900001
3.1586839654425227,0.22934785559731743,25.848566604757835,75.00000075000001
1.6558715424578951,1.2423137604738521,19.92412055129018,75.10000075100001
1.9225005060869294,2.804861616013945,15.558326775733017,75.20000075200001
3.532913599694395,6.031619214958138,12.942363979586823,75.30000075300002
7.398502797640155,12.848134641012756,14.402909915203878,75.40000075400002
13.725567172931893,19.308087389445298,27.26660266995173,75.50000075500002
13.646345459780003,7.296806437127779,39.594205708376855,75.60000075600001
5.579676236587414,-1.5593158640508464,31.996286530667295,75.70000075700001
0.9299531753209549,-1.6232291697850367,24.072662407971535,75.80000075800001
-0.595091362462328,-1.5201334933869588,18.436510381185226,75.90000075900002
-1.4951310368706232,-2.5687355418820355,14.308333162401016,76.00000076000002
-3.1287571488209847,-5.547633711975131,11.75997971221045,76.10000076100002
-6.9159107129264665,-12.365263442241192,12.908823663348494,76.20000076200002
-13.657066063910532,-20.20104078727919,25.751600522351204,76.30000076300001
-14.392880971693137,-8.0583060060309,40.54887146164141,76.40000076400001
-5.658374581845555,2.2941929532054184,32.715056384179796,76.50000076500001
-0.4463229121890572,2.4671469493733307,24.488266887325782,76.60000076600002
1.4053755485638122,2.7002015822151653,18.900384874424326,76.70000076700002
2.8494037098157694,4.706807641723843,15.158873924323201,76.80000076800002
5.630142390379171,9.588486983107881,14.227004861829155,76.90000076900002
10.945809353535079,17.17137472269812,20.9720616707482,77.00000077000001
14.742542174968985,13.810004913670483,36.3651405310587,77.10000077100001
9.07352041085499,1.1560014657817987,35.47341424193939,77.20000077200001
2.920687309869849,-0.9921395902435384,26.987484892392143,77.30000077300002
0.680250715142416,-0.3571449085148707,20.571897306449653,77.40000077400002
0.17036299952862013,-0.007878379868117624,15.751001629422927,77.50000077500002
0.1226548575654401,0.1651549175166972,12.06504102381641,77.60000077600002
0.23550021880806626,0.43002882361158684,9.245419882508292,77.70000077700001
0.5752979875949731,1.1116696677132238,7.1081293581122384,77.80000077800001
1.5144002764396447,3.027738857110946,5.626340320410277,77.90000077900001
4.16802060451424,8.418078739641329,5.673195450119331,78.00000078000002
10.992760498288845,20.47683096868557,14.032203914810637,78.10000078100002
18.163319049468747,17.44561162033513,41.41543224189773,78.20000078200002
8.3963164276217,-4.676887525943953,38.46572551184519,78.30000078300002
-0.8549186508708176,-6.2818070888387725,27.973245917707168,78.40000078400001
-4.280864505740577,-6.57891492616633,23.021345564985317,78.50000078500001
-6.570140730703245,-9.132520173788448,21.38282306598097,78.60000078600001
-9.476663142900792,-12.479132190059534,24.194858283143116,78.70000078700002
-11.482038696332614,-11.83172771263283,30.487865398328566,78.80000078800002
-9.799477966652978,-6.583863037095954,32.179039408181964,78.90000078900002
-6.599372988979381,-4.029977449163609,28.15396626675213,79.00000079000002
-5.156379671000929,-4.822342249563019,23.661610347579618,79.10000079100001
-5.798755036222892,-7.380180413680597,20.95828238805822,79.20000079200001
-8.188267088016925,-11.257615260808928,21.78837436059931,79.30000079300001
-11.167949727270978,-13.330054028823918,27.74842377786929,79.40000079400002
-11.186968634532615,-8.91345628883866,32.88273293430621,79.50000079500002
-7.796474184552024,-4.217276434840991,30.402468728270147,79.60000079600002
-5.229930121938598,-3.8510419231574553,25.341565107021793,79.70000079700002
-4.959096043539923,-5.723245305275612,21.430127878810083,79.80000079800001
-6.657238961819663,-9.244644214904632,20.166948433653324,79.90000079900001
-9.873256467214171,-13.320089451065037,23.8783655170749,80.00000080000001
-12.057911578434453,-12.119621409349039,31.551853929981103,80.10000080100002
-9.680990156979291,-5.661715684369956,32.8455370019036,80.20000080200002
-5.958132394659243,-3.170338522691752,27.84004600753073,80.30000080300002
-4.446056726459693,-4.1449067416939025,22.84268802197206,80.40000080400002
-5.161817768016556,-6.8343120927411185,19.719258339899387,80.50000080500001
-7.7773508674153975,-11.262433924511724,20.240785946650448,80.60000080600001
-11.435348815650364,-14.45295611558814,26.993462106565808,80.70000080700002
-11.90396133561835,-9.438902072032878,33.982455537416705,80.80000080800002
-7.834901445613539,-3.4107441420164752,31.275549692705443,80.90000080900002
-4.62054805158847,-2.8007519434195376,25.408425123926467,81.00000081000002
-4.021696168699356,-4.519537578275973,20.74621376040601,81.10000081100002
-5.485401935263555,-7.923333697151865,18.414780337829296,81.20000081200001
-8.893438133559911,-13.106477924004821,20.82525505463043,81.30000081300001
-12.580741113498966,-14.502829749738979,30.137830156067498,81.40000081400002
-11.112528488025353,-6.651735181781563,34.84491536742444,81.50000081500002
-6.229359354143432,-2.0873326709574433,29.558286992490885,81.60000081600002
-3.6443342599170334,-2.510192286877419,23.482033837961925,81.70000081700002
-3.608773487295694,-4.548822597407568,19.035828776379716,81.80000081800002
-5.508329923027257,-8.435089317224573,17.117922066731303,81.90000081900001
-9.50287144881326,-14.335587935625762,20.763883247746378,82.00000082000001
-13.34751814677142,-14.644225238746738,32.01848147849092,82.10000082100002
-10.619660394340384,-4.924277130022009,35.404391230739094,82.20000082200002
-5.186962657812494,-1.0603451952125669,28.75108123158837,82.30000082300002
-2.7455726102298854,-1.753299146591135,22.418731133902117,82.40000082400002
-2.736170615778665,-3.578290126624635,17.76724244048709,82.50000082500001
-4.4439956771883296,-7.1295690823079845,15.246472129773633,82.60000082600001
-8.394860278326096,-13.639475534012188,17.550597241444226,82.70000082700001
-13.629617523016528,-17.14940464687774,29.826570316487974,82.80000082800002
-12.17665337912631,-6.107796002610891,37.51461980822831,82.90000082900002
-5.4625287616362765,0.1232870548348699,30.447832727445043,83.00000083000002
-1.9246217338804867,-0.13113971924704432,23.267374973061862,83.10000083100002
-1.135582520931727,-1.084233739503394,17.890681257324744,83.20000083200001
-1.5699875598022586,-2.483198960036698,13.90353302955699,83.30000083300001
-3.1515151734765254,-5.589123897319482,11.460501788441382,83.40000083400001
-7.012208736127502,-12.611554535265372,12.772467106431586,83.50000083500002
-13.862888909815215,-20.379061918582522,26.17106052522585,83.60000083600002
-14.31647555129917,-7.4580704247241405,40.697918598910746,83.70000083700002
-5.370014862588326,2.54132547468131,32.48097436788252,83.80000083800002
-0.22806961783071378,2.635551178166668,24.327541124600288,83.90000083900001
1.6294671184740568,2.9912001663758248,18.841432853959194,84.00000084000001
3.2049950927484443,5.262277050508832,15.293596056671618,84.10000084100001
6.261486682208132,10.548296152271202,14.95829437904068,84.20000084200002
11.705495906950162,17.57245166568313,23.101006051596706,84.30000084300002
14.316282047039218,11.83301098556683,37.20631238543153,84.40000084400002
8.057539709186894,0.6344175606025151,34.14503241429896,84.50000084500002
2.6265599098658616,-0.6413519307401327,25.99067919321567,84.60000084600001
0.830880521537265,0.09020429720542059,19.8639255493937,84.70000084700001
0.592668118258296,0.7182233035291706,15.236730670079787,84.80000084800001
0.9949234471809277,1.7039325484255508,11.750733750284114,84.90000084900002
2.2057386952337734,4.091751591733967,9.391979403334123,85.00000085000002
5.337028366304003,10.07961921306007,9.490553007249002,85.10000085100002
12.214598256802773,20.65447461428379,19.52113375473824,85.20000085200002
16.520362171765445,13.023234929032949,41.2646859599257,85.30000085300001
7.226041923537569,-3.226858286194602,35.723286828498736,85.40000085400001
0.025215024702249733,-4.162259475232914,26.332460999533797,85.50000085500001
-2.669210818009404,-4.568229697992042,20.754933265258146,85.60000085600002
-4.743228641222662,-7.317054206436138,17.814713564946764,85.70000085700002
-8.212136663151032,-12.590983621918824,19.35055309494097,85.80000085800002
-12.52154792317868,-15.56527319710209,28.6838056807532,85.90000085900002
-11.946221500399105,-7.775452917973221,35.65748221058398,86.00000086000001
-6.659406233498566,-1.7653118944913062,30.678567574813965,86.10000086100001
-3.420178758614609,-1.7800077221924564,24.1239557278714,86.20000086200002
-2.946514178539293,-3.4635028514035175,19.147984742782704,86.30000086300002
-4.345415060959224,-6.685816919777503,16.235982784656436,86.40000086400002
-7.8526479117156445,-12.571765556488174,17.59054117877368,86.50000086500002
-12.873631283765828,-16.86812934129732,27.968523041409856,86.60000086600002
-12.634910148401518,-7.908055002644069,36.981892202190274,86.70000086700001
-6.446048041148217,-0.7056996097388425,31.33587942256166,86.80000086800001
-2.634138416468662,-0.6139475435462514,24.149873667815747,86.90000086900002
-1.7778245038616156,-1.8231776488781974,18.70387159284532,87.00000087000002
-2.486195705041343,-3.8719871636011067,14.833599027803915,87.10000087100002
-4.802096781878464,-8.256386064714242,13.25630860753508,87.20000087200002
-9.779348180672569,-16.167944708591342,18.08719938712599,87.30000087300002
-15.021255640914562,-16.532562081232232,34.33812968619071,87.40000087400001
-10.549477111313275,-2.1607333315925388,37.360563793177036,87.50000087500001
-3.3651475831620603,1.5716881406437866,28.44107147692538,87.60000087600002
-0.41246750918635733,1.0934108689275435,21.591939498961526,87.70000087700002
0.5108394123962269,1.1357822851416006,16.55104911405403,87.80000087800002
1.2110483833344539,2.126096836044937,12.798421920520674,87.90000087900002
2.6604232059927035,4.854853165434692,10.37691494568908,88.00000088000002
6.207127732086386,11.46639370974173,11.062910764442158,88.10000088100001
13.231969062997461,20.889727817436082,23.13540407404567,88.20000088200001
15.455754607229267,9.834899810164325,41.3928197355551,88.30000088300002
6.1101055137696765,-3.008828669307145,33.9123357806057,88.40000088400002
0.046557730441837586,-3.399923250070358,25.23147887146668,88.50000088500002
-2.2027413150859374,-3.851955557018579,19.721691764953224,88.60000088600002
-4.088536477414044,-6.516017882921022,16.519824573864454,88.70000088700002
-7.521353179007809,-12.088277470060284,17.385790218124047,88.80000088800001
-12.547767103365679,-16.857822786790813,27.022396280735393,88.90000088900001
-12.91179801257154,-8.720712305973079,36.821657045160606,89.00000089000002
-6.857183178350365,-0.929170323461959,31.824598641305585,89.10000089100002
-2.8303331115276564,-0.6314408622358316,24.566555369906567,89.20000089200002
-1.8581132710509325,-1.8388504949016966,19.037755242507757,89.30000089300002
-2.527084064071,-3.8873682681029464,15.105890025013009,89.40000089400002
-4.812963514839877,-8.223942940150941,13.476084270648636,89.50000089500001
-9.721082078076503,-16.0139192316611,18.167189447110978,89.60000089600001
-14.916918026006186,-16.500263100007285,34.096330112194465,89.70000089700002
-10.622543803307565,-2.397193123567547,37.310163605887276,89.80000089800002
-3.507398840748523,1.4229774022505577,28.50791829505578,89.90000089900002
-0.5600116909106215,0.9253276013811749,21.647992557054103,90.00000090000002
0.30838981016174233,0.8355458096299444,16.57817067726237,90.10000090100002
0.8415480119029402,1.4990026155641067,12.75636306891329,90.20000090200001
1.8706528795733761,3.4301616248099243,10.05417027167091,90.30000090300001
4.451919794490749,8.399458676473259,9.292587817166876,90.40000090400002
10.452121898038452,18.461076117089327,16.033160565120735,90.50000090500002
16.732797373288953,17.28652797303736,37.98044982748421,90.60000090600002
9.526562008487714,-1.4814506468202238,38.24413616549433,90.70000090700002
1.1238755361474622,-4.121613294684323,27.948291559269695,90.80000090800002
-2.1223015444612634,-4.144424942843969,21.697995942358876,90.90000090900001
-4.050985152846807,-6.265730607278164,18.02666528205114,91.00000091000003
-7.076193029066341,-11.05628702500088,18.021740839750603,91.10000091100002
-11.617710954253264,-15.9040704264355,25.51141282041661,91.20000091200002
-12.937820824691572,-10.331363855758784,35.39474537966661,91.30000091300002
-7.958629254269873,-2.3128986758300716,32.60526949178332,91.40000091400002
-3.7991830566317137,-1.3287033855194095,25.681164283636654,91.50000091500002
-2.6768497718574054,-2.668880044821977,20.173384621384468,91.60000091600001
-3.5248176078665905,-5.227974995914775,16.478525409114482,91.70000091700003
-6.281409638770701,-10.23192642688887,15.901111702518827,91.80000091800002
-11.310328016044853,-16.75970807735285,23.068650197843493,91.90000091900002
-13.97998201741611,-12.151227459100017,36.09654798024566,92.00000092000002
-8.541110348265988,-1.653965781012407,34.186135960344444,92.10000092100002
-3.3003137781772645,-0.04171484050301315,26.395835738297027,92.20000092200002
-1.5566963066684147,-0.9676090963702394,20.298050934814576,92.30000092300001
-1.6483960442867478,-2.3245559645459055,15.761826020618614,92.40000092400003
-2.9614669082667695,-5.042939274191254,12.792952106838147,92.50000092500002
-6.268610062238224,-11.077029120604076,13.008759473158118,92.60000092600002
-12.529705285811433,-19.291192906063483,23.210204957570717,92.70000092700002
-14.9168007682422,-10.830528952994381,39.449368707322435,92.80000092800002
-7.0772159457112815,1.2521267981445265,34.08167769498882,92.90000092900002
-1.3093964889610956,2.0311780052622885,25.48417098758275,93.00000093000001
0.6898972432222352,1.8665213913315857,19.501843828164425,93.10000093100003
1.7668240761041174,2.9928040046717546,15.200434002452003,93.20000093200002
3.584056643075622,6.232886076009155,12.699521953644172,93.30000093300002
7.617366635097931,13.262222427308048,14.484155208550888,93.40000093400002
14.02322238377388,19.38754674063127,28.11072497522222,93.50000093500002
13.401454438578135,6.449945234896743,39.67553852748909,93.60000093600001
5.1838664414794415,-1.7959389836328277,31.59034060350094,93.70000093700001
0.6981467048099352,-1.7474250242150098,23.7752024464042,93.80000093800003
-0.7987483282711272,-1.7694572122242844,18.239880444575547,93.90000093900002
-1.81819112939972,-3.0959528343976905,14.24732880125441,94.00000094000002
-3.778690113916524,-6.67255194940737,12.082204537761886,94.10000094100002
-8.182023861044607,-14.29146198548325,14.736603528095314,94.20000094200002
-14.701048633957146,-19.384331043857454,30.18270075933713,94.30000094300001
-12.717526025980431,-4.600858848070995,39.70140155967067,94.40000094400001
-4.295519700527546,2.277946915537411,30.6588120829097,94.50000094500002
-0.17770008370959503,2.053990846469006,23.1226579572317,94.60000094600002
1.2890674752981248,2.4007128803684004,17.840095513815758,94.70000094700002
2.624485285524831,4.417419118680834,14.239536070684938,94.80000094800002
5.367974180863785,9.33883451808323,13.272800236272564,94.90000094900002
10.851495500706902,17.472708689387325,20.002614683240722,95.00000095000001
15.151057860830187,14.448368544006128,36.7094036792896,95.10000095100001
9.190393814135692,0.6905531932465845,36.06598533156031,95.20000095200002
2.590212845536639,-1.60393017673873,27.185530449821346,95.30000095300002
0.1305486824507308,-1.126738473130438,20.68897634770707,95.40000095400002
-0.7063016618711584,-1.3718070260932862,15.884298416565844,95.50000095500002
-1.5498075294958489,-2.7208679676253094,12.36447452487759,95.60000095600002
-3.429198795057042,-6.271417926318568,10.424419041498604,95.70000095700001
-7.898418664570599,-14.28246935264327,13.051062470655047,95.80000095800001
-15.086147010383012,-20.684681414457284,29.694239643797516,95.90000095900002
-13.201671960359468,-4.254849833305737,40.93589157962515,96.00000096000002
-3.877360765397304,3.3304198007303274,31.02579418287804,96.10000096100002
0.6396644072054082,3.1522507996674576,23.42886231430645,96.20000096200002
2.456064257179968,4.053642239072482,18.46112061005518,96.30000096300002
4.515548417189118,7.307678981703179,15.850968825161809,96.40000096400001
8.441742080508636,13.535577681208274,18.103650101449603,96.50000096500003
13.430159642941337,16.680420222300263,29.8431270990801,96.60000096600002
12.022204424096785,6.243522120707436,37.01795297941342,96.70000096700002
5.6243825961552165,0.28142883917840633,30.312937502366992,96.80000096800002
2.239140884253868,0.5542376388705061,23.28583282140643,96.90000096900002
1.5886380084279166,1.734919083699594,18.00527783823049,97.00000097000002
2.342284439757743,3.7336648910917063,14.241105677326148,97.10000097100001
4.65497156787601,8.125239587592521,12.68247537977009,97.20000097200003
9.70946872940088,16.271193279008703,17.51343267625086,97.30000097300002
15.231299551172576,16.93544385043201,34.42557269955708,97.40000097400002
10.670524300753467,1.9391049218069956,37.727210909605155,97.50000097500002
3.2004950039631996,-1.910889377629978,28.530486922417666,97.60000097600002
0.1253361087956819,-1.4869030652642312,21.64781445858131,97.70000097700002
-0.9507533836782486,-1.800891159570431,16.651094008518456,97.80000097800001
-2.0144813209246046,-3.4796815242705774,13.090008048058603,97.90000097900003
-4.323566827958332,-7.766741219105876,11.550072629429428,98.00000098000002
-9.456686767260418,-16.32412850726299,16.18457240880116,98.10000098100002
-15.603502356275873,-18.017903281396485,34.27346831126663,98.20000098200002
-11.027687485170516,-1.6311270680495822,38.630792128880586,98.30000098300002
-2.91584342957323,2.6541584344789864,28.910285458422486,98.40000098400002
0.47633144598636856,2.3440748877057884,21.952166744162795,98.50000098500001
1.8816556792012495,3.189619231367917,17.113391045773035,98.60000098600003
3.6508017623805977,6.132829194220916,14.215896093266537,98.70000098700002
7.351979595485744,12.467898573846945,15.354174716997177,98.80000098800002
13.227955932658269,18.452601767301296,26.872540998495353,98.90000098900002
13.518273825815898,8.07133016108841,38.61601317098115,99.00000099000002
6.141563950708898,-0.6758028033170387,32.059128716508226,99.10000099100002
1.6254956014708595,-0.8486157900764801,24.256231495051114,99.20000099200001
0.2809967912890628,-0.3175837060791772,18.537416144539964,99.30000099300003
-0.03886273350179923,-0.20422415430789917,14.19649889664022,99.40000099400002
-0.18665207165146672,-0.35643113716702335,10.876329414512023,99.50000099500002
-0.4518745052830831,-0.8584899125624745,8.346900921691535,99.60000099600002
-1.149011384590424,-2.258266769374992,6.497869288409831,99.70000099700002
-3.0876229789259027,-6.187943279534203,5.727305363059164,99.80000099800002
-8.30240207229792,-16.111717577818606,9.873241052470641,99.90000099900001
