t,x
0.0,1.12
1.0005002501250626,1.065343907186129
2.001000500250125,1.0158556891432613
3.001500750375188,0.9710791744954955
4.00200100050025,0.9305656292385681
5.002501250625313,0.8939092377529244
6.003001500750376,0.8607429473470032
7.003501750875438,0.8307344774045122
8.0040020010005,0.8035829612455364
9.004502251125563,0.7790165734127241
10.005002501250626,0.7567891910516302
11.005502751375689,0.7366778945936041
12.006003001500751,0.7184814409771785
13.006503251625814,0.7020175139647261
14.007003501750876,0.687120955076221
15.007503751875939,0.6736427726598488
16.008004002001,0.661447911984976
17.008504252126066,0.6504221060712179
18.009004502251127,0.6498286082599964
19.009504752376188,0.6680905764974233
20.010005002501252,0.7025372495304535
21.010505252626317,0.7487509867459773
22.011005502751377,0.8017240381337448
23.011505752876438,0.856946386810771
24.012006003001503,0.9109856116367019
25.012506253126567,0.9615715659580802
26.013006503251628,1.0074107695302186
27.01350675337669,1.0479233612106718
28.014007003501753,1.0830058140482595
29.014507253626817,1.1128459257286725
30.015007503751878,1.1377990810437673
31.01550775387694,1.158304260995273
32.016008004002,1.1748305675421542
33.01650825412707,1.1878448027992248
34.01700850425213,1.197791479988355
35.01750875437719,1.2056333977923341
36.018009004502254,1.2142214094465684
37.01850925462732,1.2260802408516014
38.019009504752376,1.2420576303852564
39.01950975487744,1.2605287984609048
40.020010005002504,1.2770381511718136
41.02051025512757,1.2852984444064182
42.02101050525263,1.2798306421591068
43.02151075537769,1.25850429133552
44.022011005502755,1.2228330135991794
45.02251125562782,1.176388911234661
46.023011505752876,1.1230945316190215
47.02351175587794,1.0663007639127617
48.024012006003005,1.0085367594993566
49.02451225612807,0.9515808268946759
50.025012506253134,0.8966240729131513
51.02551275637819,0.8444285526221781
52.026013006503256,0.7954248591915074
53.02651325662832,0.7495353699805241
54.02701350675338,0.7061509639557846
55.02751375687844,0.664501601119527
56.028014007003506,0.6240995512432244
57.02851425712857,0.5850537612242382
58.029014507253635,0.5481125665924357
59.02951475737869,0.5145067699006578
60.030015007503756,0.485818754691354
61.03051525762882,0.46404952925209847
62.03101550775388,0.4518367838305381
63.03151575787894,0.4525709383253383
64.032016008004,0.46994689943985984
65.03251625812906,0.5064556061966528
66.03301650825414,0.5611763127280044
67.03351675837919,0.6288034356978419
68.03401700850426,0.7014473572266372
69.03451725862932,0.7717660258440249
70.03501750875438,0.8348449980904669
71.03551775887945,0.8882236170753356
72.03601800900451,0.9310749678903543
73.03651825912956,0.9634681203775134
74.03701850925464,0.985960457865628
75.0375187593797,0.9994480826195343
76.03801900950475,1.005110011541838
77.03851925962982,1.004377751555094
78.03901950975488,0.9989378447955254
79.03951975987995,0.9907803803261293
80.04002001000501,0.9822940638664257
81.04052026013007,0.9763306321773972
82.04102051025514,0.9760739622719687
83.0415207603802,0.9845101577567179
84.04202101050527,1.0034775889372067
85.04252126063032,1.03254466830242
86.04302151075538,1.068127142908836
87.04352176088045,1.103675775418079
88.04402201100551,1.1319639808905175
89.04452226113057,1.1484198092354592
90.04502251125564,1.1525904519757015
91.0455227613807,1.1470291504301076
92.04602301150575,1.1354395245204865
93.04652326163082,1.1214114853498107
94.04702351175588,1.1078672153138236
95.04752376188095,1.0968803288619133
96.04802401200601,1.0896093219893206
97.04852426213107,1.0862347981496736
98.04902451225614,1.0859251037812674
99.0495247623812,1.0868401732572692
100.05002501250627,1.0862023752263401
101.05052526263133,1.080483240383704
102.05102551275638,1.066002616827212
103.05152576288145,1.0403575687328686
104.05202601300651,1.0040906885183156
105.05252626313157,0.960736724700644
106.05302651325664,0.9149724325171186
107.0535267633817,0.8708596056495023
108.05402701350675,0.831249388227245
109.05452726363183,0.797847486732508
110.05502751375688,0.7713694477085054
111.05552776388195,0.7516454634448452
112.05602801400701,0.7377445130507825
113.05652826413207,0.728197425162897
114.05702851425714,0.7213392558085248
115.0575287643822,0.7157118810307871
116.05802901450727,0.7104412700575483
117.05852926463233,0.7055415576309546
118.05902951475738,0.7021314513406394
119.05952976488246,0.702569074606244
120.06003001500751,0.7103590677293184
121.06053026513257,0.7293382140336288
122.06103051525764,0.7617614067509081
123.0615307653827,0.8062938530326519
124.06203101550776,0.8581366939487705
125.06253126563283,0.9115180159580788
126.06303151575788,0.9620961063511312
127.06353176588296,1.0076782246467413
128.064032016008,1.0477365814173316
129.06453226613309,1.0826489948738325
130.06503251625813,1.1131124293376822
131.0655327663832,1.139804371084989
132.06603301650827,1.1632459879041943
133.06653326663331,1.1838001579220372
134.06703351675839,1.2017518101603337
135.06753376688346,1.217439991696444
136.06803401700853,1.2314134640087853
137.06853426713357,1.2445685307451126
138.06903451725864,1.2581085278034465
139.06953476738371,1.2730354145196918
140.07003501750876,1.2889353512733364
141.07053526763383,1.3026208927390908
142.0710355177589,1.308315044755999
143.07153576788394,1.300494996393152
144.07203601800902,1.277046605567908
145.0725362681341,1.239597972264774
146.07303651825913,1.1916745234554682
147.0735367683842,1.1369658376835916
148.07403701850927,1.078541486555489
149.07453726863432,1.0187140412388547
150.0750375187594,0.9591463061896998
151.07553776888446,0.9009968005611374
152.0760380190095,0.8450368294553441
153.07653826913457,0.791723635598199
154.07703851925964,0.7412425715719745
155.07753876938472,0.6935365348772602
156.07803901950976,0.6483781017606457
157.07853926963483,0.6055324168147089
158.0790395197599,0.5650173333132977
159.07953976988495,0.5272839924509569
160.08004002001002,0.49324118151427615
161.0805402701351,0.4641872322187751
162.08104052026013,0.44186683218881234
163.0815407703852,0.42868544261136127
164.08204102051027,0.4278985451997774
165.08254127063532,0.4433510601143426
166.0830415207604,0.4781589842283198
167.08354177088546,0.5323138817324516
168.08404202101053,0.600988960613264
169.08454227113558,0.6758620267021449
170.08504252126065,0.7486285794496337
171.08554277138572,0.8135338483119731
172.08604302151076,0.8677111882261108
173.08654327163583,0.9103478855975491
174.0870435217609,0.9417712364451873
175.08754377188595,0.9628588095762237
176.08804402201102,0.9747667457966004
177.0885442721361,0.9788307783227865
178.08904452226113,0.976551704871405
179.0895447723862,0.9696136765671425
180.09004502251128,0.9599518330612461
181.09054527263632,0.9498647396582097
182.0910455227614,0.9421219177423608
183.09154577288646,0.9399136325948235
184.0920460230115,0.9464144273126186
185.09254627313658,0.963865023590782
186.09304652326165,0.99241464266108
187.09354677338672,1.0291565993151497
188.09404702351176,1.068089979561098
189.09454727363683,1.1020519829519109
190.0950475237619,1.1259905605918652
191.09554777388695,1.1387566477375766
192.09604802401202,1.1423085335094376
193.0965482741371,1.1399518448577892
194.09704852426214,1.1350434670875138
195.0975487743872,1.130364664515679
196.09804902451228,1.1278802651740287
197.09854927463732,1.1286493448310715
198.0990495247624,1.132791758756587
199.09954977488746,1.1395279185368177
200.10005002501254,1.1472501003433166
201.10055027513758,1.153594493926317
202.10105052526265,1.1554130134089957
203.10155077538772,1.148886515002126
204.10205102551276,1.130511349008929
205.10255127563784,1.0991918721450975
206.1030515257629,1.0574900893829804
207.10355177588795,1.0102059234204883
208.10405202601302,0.961995240440523
209.1045522761381,0.916180913031829
210.10505252626314,0.8746710454066425
211.1055527763882,0.838211931354978
212.10605302651328,0.8066436362154675
213.10655327663832,0.7791467207845656
214.1070535267634,0.7545172956822696
215.10755377688847,0.7314904358449491
216.1080540270135,0.7090552784268269
217.10855427713858,0.6866929970533789
218.10905452726365,0.6645147405637446
219.10955477738872,0.6433231809214887
220.11005502751377,0.6247136304547278
221.11055527763884,0.6112376421022467
222.1110555277639,0.6064678781354623
223.11155577788895,0.614494524587852
224.11205602801402,0.6384218346600533
225.1125562781391,0.6783361190413442
226.11305652826414,0.7305321245612749
227.1135567783892,0.7891089825272893
228.11405702851428,0.8484878431284835
229.11455727863932,0.9048343312015918
230.1150575287644,0.9560941850378276
231.11555777888947,1.0014183368376262
232.11605802901454,1.040586850518019
233.11655827913958,1.073641992731026
234.11705852926465,1.1007026880356496
235.11755877938973,1.1219822304139901
236.11805902951477,1.1378352993477032
237.11855927963984,1.1488683563908855
238.1190595297649,1.156071888188397
239.11955977988995,1.1609614982987466
240.12006003001503,1.1656517262131494
241.1205602801401,1.1726842466748588
242.12106053026514,1.18439374778947
243.1215607803902,1.2017680780289748
244.12206103051528,1.2231623175026105
245.12256128064033,1.2436734881126565
246.1230615307654,1.2563585809073072
247.12356178089047,1.2553321481672652
248.1240620310155,1.2384176750761662
249.12456228114058,1.2072020961516203
250.12506253126566,1.1652982314067752
251.12556278139073,1.1166660048054813
252.12606303151577,1.0647395105797672
253.12656328164084,1.0121679541137951
254.1270635317659,0.9608476879678597
255.12756378189096,0.9120200015418937
256.128064032016,0.8663332243605304
257.1285642821411,0.8238470284598436
258.12906453226617,0.7840228216584678
259.12956478239124,0.7458202002114821
260.13006503251626,0.7080555038792615
261.1305652826413,0.6699806250834416
262.1310655327664,0.6317672015900119
263.13156578289147,0.594530380102015
264.13206603301654,0.559972434127965
265.1325662831416,0.5300637762708065
266.13306653326663,0.5070237391745318
267.1335667833917,0.4934948034236177
268.13406703351677,0.49259826193863454
269.13456728364184,0.5074676900038815
270.1350675337669,0.5399813458330305
271.135567783892,0.5891559471750152
272.13606803401706,0.6506195160980068
273.1365682841421,0.7180211095980393
274.13706853426714,0.7852770088946481
275.1375687843922,0.8479542365545651
276.1380690345173,0.903393663086581
277.13856928464236,0.9501964997396853
278.13906953476743,0.9877146266693921
279.13956978489244,1.0158138806553232
280.1400700350175,1.0348342251153362
281.1405702851426,1.0456107502093972
282.14107053526766,1.0494162020498021
283.14157078539273,1.0479036453329944
284.1420710355178,1.0430828765648439
285.1425712856428,1.0373498369485765
286.1430715357679,1.0334856578998268
287.14357178589296,1.0344830337194184
288.14407203601803,1.0430527064705717
289.1445722861431,1.0608060093981206
290.1450725362682,1.0872550475005427
291.14557278639325,1.1189394001270818
292.14607303651826,1.149398942889669
293.14657328664333,1.1711866763532761
294.1470735367684,1.1793051526783982
295.1475737868935,1.1731318597148146
296.14807403701855,1.155485047654272
297.1485742871436,1.130547777164894
298.14907453726863,1.1023593068969046
299.1495747873937,1.0741784315304184
300.1500750375188,1.0483393179636498
301.15057528764385,1.026247682270438
302.1510755377689,1.0083540501033352
303.151575787894,0.9940791269034002
304.152076038019,0.9817765013831264
305.1525762881441,0.9688399330595958
306.15307653826915,0.9521173137748824
307.1535767883942,0.9287794903832183
308.1540770385193,0.8975644766442309
309.15457728864436,0.859652827404761
310.15507753876943,0.8182368544008328
311.15557778889445,0.777153885888843
312.1560780390195,0.7398409797980564
313.1565782891446,0.7090447942278125
314.15707853926966,0.6868525058849171
315.15757878939473,0.6746404170819731
316.1580790395198,0.6728755796026604
317.1585792896448,0.6809505278301803
318.1590795397699,0.6972778365671443
319.15957978989496,0.7197063626423033
320.16008004002003,0.7461109360832472
321.1605802901451,0.7749358899055454
322.1610805402702,0.8055644919327423
323.16158079039525,0.8384307583652619
324.16208104052026,0.8746825221750911
325.16258129064533,0.9152026008862063
326.1630815407704,0.9592607651323254
327.1635817908955,1.004031410073049
328.16408204102055,1.0458449072782836
329.1645822911456,1.081980214697183
330.16508254127064,1.1114595455180862
331.1655827913957,1.1348189549119767
332.1660830415208,1.1535260038806172
333.16658329164585,1.1694342581855233
334.1670835417709,1.1843423288456971
335.167583791896,1.1996542246319744
336.16808404202106,1.216157698742559
337.1685842921461,1.2339428825749226
338.16908454227115,1.2524480967125025
339.1695847923962,1.2705676992870927
340.1700850425213,1.2866906911095508
341.17058529264636,1.2985301219746637
342.17108554277144,1.3028374685713962
343.17158579289645,1.2956622827119697
344.1720860430215,1.2740066514443293
345.1725862931466,1.2379247494967147
346.17308654327167,1.1905715065303217
347.17358679339674,1.1362852992195502
348.1740870435218,1.078869220499371
349.1745872936468,1.0209676090481312
350.1750875437719,0.9641191534655661
351.17558779389697,0.9090308118025914
352.17608804402204,0.8558791033086257
353.1765882941471,0.8045877097266938
354.1770885442722,0.7550437460926579
355.17758879439725,0.7072357623340423
356.17808904452227,0.6612919537553583
357.17858929464734,0.6174763791172233
358.1790895447724,0.5761687512426763
359.1795897948975,0.5378899691164098
360.18009004502255,0.5033952431217875
361.1805902951476,0.4738285809777887
362.18109054527264,0.45090629211661803
363.1815907953977,0.437108038931808
364.1820910455228,0.4357414762555987
365.18259129564785,0.45051483989033586
366.1830915457729,0.4841684234685566
367.183591795898,0.5364215245478918
368.184092046023,0.6028186112167501
369.1845922961481,0.6759551788668682
370.18509254627315,0.7482169646897187
371.1855927963982,0.813862390232442
372.1860930465233,0.8695717228152395
373.18659329664837,0.9140164997064626
374.18709354677344,0.9471882126307897
375.18759379689845,0.9698272079556718
376.1880940470235,0.9830791092968757
377.1885942971486,0.9882984410628929
378.18909454727367,0.9869879185312347
379.18959479739874,0.9808261279415216
380.1900950475238,0.9717520583195368
381.1905952976488,0.9620842159293225
382.1910955477739,0.9546045266055762
383.19159579789897,0.9524627297695238
384.19209604802404,0.9587248146339855
385.1925962981491,0.9755407353203
386.1930965482742,1.00312309683245
387.19359679839926,1.038814006854684
388.19409704852427,1.07681719711536
389.19459729864934,1.1098380333212432
390.1950975487744,1.1324480027651904
391.1955977988995,1.1432647353991852
392.19609804902456,1.1442819285929013
393.1965982991496,1.1389750455431717
394.19709854927464,1.1308737737268895
395.1975987993997,1.1229060406076647
396.1980990495248,1.1171708827201565
397.19859929964986,1.1148540211906295
398.1990995497749,1.1161837762704476
399.1995997999,1.1204244859411414
400.20010005002507,1.1259389747359174
401.2006003001501,1.130269841889775
402.20110055027516,1.1301929182227473
403.20160080040023,1.1219430745393262
404.2021010505253,1.1022310975526035
405.2026013006504,1.0701857723127512
406.20310155077544,1.0284351189398973
407.20360180090046,0.9817289589823758
408.20410205102553,0.9346684486120621
409.2046023011506,0.8905661573676872
410.2051025512757,0.851365115087204
411.20560280140074,0.817866685373153
412.2061030515258,0.7899511774355935
413.20660330165083,0.76677880226118
414.2071035517759,0.7470493948957386
415.207603801901,0.7293253577695241
416.20810405202604,0.7123838692968353
417.2086043021511,0.6955151466637949
418.2091045522762,0.6787285521808927
419.20960480240126,0.6628521186512666
420.2101050525263,0.6496581812057645
421.21060530265135,0.6419938684209971
422.2111055527764,0.6437077160398497
423.2116058029015,0.6588077418695143
424.21210605302656,0.6895411209485569
425.21260630315163,0.7344820646111503
426.21310655327665,0.7887040774962599
427.2136068034017,0.8461764492252284
428.2141070535268,0.9021088730136222
429.21460730365186,0.9537275424363922
430.21510755377693,0.9998849654079103
431.215607803902,1.0403758734645892
432.216108054027,1.0753910416084693
433.2166083041521,1.1052124211343441
434.21710855427716,1.1300982215968294
435.21760880440223,1.1502940606841325
436.2181090545273,1.1661259763982084
437.2186093046524,1.1781469529172501
438.21910955477745,1.1872980914536613
439.21960980490246,1.1950544473817093
440.22011005502753,1.2034399694202056
441.2206103051526,1.2146536202363458
442.2211105552777,1.2300902236073983
443.22161080540275,1.2489151022966658
444.2221110555278,1.2670472832674704
445.22261130565283,1.2779485839448297
446.2231115557779,1.2756118931806602
447.223611805903,1.2574803847709954
448.22411205602805,1.2247943442014708
449.2246123061531,1.180945080878811
450.2251125562782,1.1297715226888119
451.22561280640326,1.074649252824741
452.2261130565283,1.0182180706149686
453.22661330665335,0.962404771463646
454.2271135567784,0.908528728705509
455.2276138069035,0.8573915481811029
456.22811405702856,0.8093252182702125
457.22861430715363,0.7642003740424602
458.22911455727865,0.7214699736783053
459.2296148074037,0.680360554923086
460.2301150575288,0.640261423285914
461.23061530765386,0.6011544911355298
462.23111555777893,0.5637588014341894
463.231615807904,0.5293615209791771
464.2321160580291,0.4995912478614516
465.2326163081541,0.47641687823938883
466.23311655827916,0.46234580704492784
467.23361680840424,0.4605749551604398
468.2341170585293,0.47467115476204885
469.2346173086544,0.507299346527204
470.23511755877945,0.5581722359812181
471.23561780890446,0.6228454321693815
472.23611805902954,0.6940158346155283
473.2366183091546,0.7644059716093308
474.2371185592797,0.8287854525394759
475.23761880940475,0.8842689588802053
476.2381190595298,0.9296723029965231
477.23861930965484,0.9647958336692317
478.2391195597799,0.9899892322889012
479.239619809905,1.0059906790210555
480.24012006003005,1.0138697416990166
481.2406203101551,1.014996393677909
482.2411205602802,1.0110174266978516
483.24162081040527,1.0038799224713124
484.2421210605303,0.9959052338491547
485.24262131065535,0.9898533896078775
486.2431215607804,0.9888284741098002
487.2436218109055,0.9958308093811419
488.24412206103057,1.0128955222207008
489.24462231115564,1.0400021372541535
490.24512256128065,1.0741203466205562
491.2456228114057,1.10908561143993
492.2461230615308,1.1374836770899044
493.24662331165587,1.154046743352868
494.24712356178094,1.1576681027334277
495.247623811906,1.1506250558803142
496.248124062031,1.1366657958037527
497.2486243121561,1.119562087282489
498.24912456228117,1.1024460673361867
499.24962481240624,1.0875992507591932
500.2501250625313,1.0763916755525267
501.2506253126564,1.0692245598166759
502.25112556278145,1.065477795077436
503.25162581290647,1.063484004395937
504.25212606303154,1.0605916147370145
505.2526263131566,1.0533777305773857
506.2531265632817,1.0382511005490065
507.25362681340675,1.0127699064505664
508.2541270635318,0.9772128514462862
509.25462731365684,0.9347776773321222
510.2551275637819,0.8899576050974108
511.255627813907,0.8468222305364757
512.256128064032,0.8083536564041113
513.2566283141571,0.7764650055809981
514.2571285642822,0.7521196245989484
515.2576288144072,0.7353850752448299
516.2581290645323,0.7254902895335309
517.2586293146574,0.721007591613791
518.2591295647825,0.7201799762284321
519.2596298149075,0.7213469057935075
520.2601300650325,0.723372510483941
521.2606303151576,0.7260127090468682
522.2611305652827,0.7301854351898046
523.2616308154078,0.7381012606837298
524.2621310655328,0.7530536030537817
525.2626313156578,0.7783814394515962
526.2631315657829,0.8154282197042025
527.263631815908,0.8619122549450049
528.2641320660331,0.9127456611618533
529.2646323161581,0.962713498881958
530.2651325662832,1.0084255191039813
531.2656328164082,1.048575655354337
532.2661330665333,1.0832954984829508
533.2666333166584,1.1134031320378825
534.2671335667834,1.1398744945089312
535.2676338169085,1.1635431308120945
536.2681340670335,1.1849961945269976
537.2686343171587,1.2046003914909693
538.2691345672837,1.2226010786719885
539.2696348174087,1.2392546978655916
540.2701350675338,1.2549452148955642
541.2706353176588,1.2702255372411446
542.271135567784,1.2855750905081924
543.271635817909,1.3006065489507788
544.2721360680341,1.312798823818922
545.2726363181591,1.3171190516399263
546.2731365682841,1.3082207808272617
547.2736368184093,1.2837898876564786
548.2741370685343,1.2453863987026388
549.2746373186594,1.196634318897834
550.2751375687844,1.1412987855822925
551.2756378189094,1.0824164557376217
552.2761380690346,1.0221842334535043
553.2766383191596,0.9621250136716453
554.2771385692847,0.9032809896995766
555.2776388194097,0.8463568034622937
556.2781390695349,0.791809061515123
557.2786393196599,0.7398960573626737
558.2791395697849,0.6907086541080999
559.27963981991,0.6442088143912305
560.280140070035,0.6003391498393089
561.2806403201602,0.5591604382314532
562.2811405702852,0.5210443444012806
563.2816408204103,0.48676823384905127
564.2821410705353,0.45752256547420916
565.2826413206603,0.43497914375046454
566.2831415707855,0.4214888160019114
567.2836418209105,0.4202641115756091
568.2841420710356,0.43514813044423856
569.2846423211606,0.4693672238318236
570.2851425712856,0.5231594705714492
571.2856428214108,0.5919378532842264
572.2861430715358,0.6673760473825883
573.2866433216609,0.7409169947688712
574.2871435717859,0.8065076021069392
575.287643821911,0.8610931926091546
576.2881440720361,0.9038121809281354
577.2886443221611,0.9350440813864205
578.2891445722862,0.9557646134643263
579.2896448224112,0.9672197676372563
580.2901450725363,0.9708047384789078
581.2906453226614,0.96804642271989
582.2911455727865,0.9606328838106994
583.2916458229115,0.9504891183941719
584.2921460730365,0.9398946535707661
585.2926463231616,0.9315967301728987
586.2931465732867,0.9287762125533571
587.2936468234118,0.9346408297305627
588.2941470735368,0.9515365933610267
589.2946473236618,0.9797865559877095
590.295147573787,1.0167212898019011
591.295647823912,1.0565433139859703
592.2961480740371,1.0921306246960674
593.2966483241621,1.118279345679944
594.2971485742872,1.1336166219029609
595.2976488244122,1.139914558540097
596.2981490745373,1.140353235150676
597.2986493246624,1.1382097563578029
598.2991495747874,1.136208925401616
599.2996498249125,1.1362663154282395
600.3001500750375,1.1393972750624748
601.3006503251627,1.1456896600949513
602.3011505752877,1.1543757833463293
603.3016508254127,1.163934147223015
604.3021510755378,1.1721673203550615
605.3026513256629,1.1761305132554953
606.303151575788,1.1720923991078314
607.303651825913,1.1563032126404278
608.304152076038,1.127087924390062
609.3046523261631,1.0865039352524608
610.3051525762882,1.0392480964106405
611.3056528264133,0.9901398636113136
612.3061530765383,0.9426878246992972
613.3066533266634,0.8989165948321075
614.3071535767884,0.8596338666598521
615.3076538269135,0.8247256705043761
616.3081540770386,0.7934401914843877
617.3086543271636,0.7646821272052919
618.3091545772887,0.7373299965227754
619.3096548274137,0.7105257053405375
620.3101550775389,0.6838698651969861
621.3106553276639,0.6575100359408044
622.3111555777889,0.6321653489513097
623.311655827914,0.6091960783105314
624.312156078039,0.5907773520259005
625.3126563281642,0.5800590061682552
626.3131565782892,0.5809630983588031
627.3136568284143,0.5971554547326501
628.3141570785393,0.6301850818216963
629.3146573286643,0.6780055191400505
630.3151575787895,0.7354909646851503
631.3156578289145,0.7966800078163153
632.3161580790396,0.8567499496431425
633.3166583291646,0.9126388278740646
634.3171585792896,0.9627227472517524
635.3176588294148,1.0062628438458758
636.3181590795398,1.0429830921822443
637.3186593296649,1.0728510602911039
638.3191595797899,1.0960189598873622
639.319659829915,1.1128478897109275
640.3201600800401,1.123969012655962
641.3206603301651,1.1303721400663616
642.3211605802902,1.1335225497635992
643.3216608304152,1.1354584552088582
644.3221610805404,1.1387562473485293
645.3226613306654,1.146157612628223
646.3231615807905,1.1597435004084002
647.3236618309155,1.1797854019700136
648.3241620810405,1.2036679370276573
649.3246623311657,1.2256668949175282
650.3251625812907,1.23861219040214
651.3256628314158,1.2371170333909371
652.3261630815408,1.2198295284990202
653.3266633316658,1.1889860764657612
654.327163581791,1.1485101008099496
655.327663831916,1.1024140125650843
656.3281640820411,1.0540500486643756
657.3286643321661,1.0059391749507685
658.3291645822912,0.9598289213402057
659.3296648324163,0.9167724691734879
660.3301650825413,0.8771478797430223
661.3306653326664,0.8406122262890744
662.3311655827914,0.806106734355232
663.3316658329165,0.7720809246657915
664.3321660830416,0.737050014928181
665.3326663331667,0.7003256791409653
666.3331665832917,0.6624610600061288
667.3336668334167,0.6250723360846513
668.3341670835418,0.5903025536835201
669.3346673336669,0.5604471199330333
670.335167583792,0.5379407618325535
671.335667833917,0.5254921645353573
672.3361680840421,0.5260124715145332
673.3366683341671,0.5420153989022606
674.3371685842922,0.574459658930329
675.3376688344173,0.6216896608275568
676.3381690845423,0.6795173242181152
677.3386693346674,0.7426083851371381
678.3391695847924,0.8061000172290085
679.3396698349175,0.866418990528286
680.3401700850426,0.9212265004841209
681.3406703351676,0.968984267624904
682.3411705852927,1.0086171142241869
683.3416708354177,1.0394719797654373
684.3421710855429,1.0614634607812286
685.3426713356679,1.0751586495045937
686.3431715857929,1.0817323437864936
687.343671835918,1.0828522017413618
688.344172086043,1.0806023040159591
689.3446723361682,1.0774479782216835
690.3451725862932,1.076154845945607
691.3456728364183,1.0795305168911244
692.3461730865433,1.0899007137855647
693.3466733366683,1.1083503195856752
694.3471735867935,1.1338552892613583
695.3476738369185,1.1625383775177778
696.3481740870436,1.1878289933773802
697.3486743371686,1.2025383923025712
698.3491745872936,1.202150469085028
699.3496748374188,1.1865704078039583
700.3501750875438,1.1590855177573707
701.3506753376689,1.1242102518147525
702.3511755877939,1.0861430430706207
703.3516758379191,1.0481586111975094
704.3521760880441,1.0125266218135769
705.3526763381691,0.9805717403050414
706.3531765882942,0.9526899239761303
707.3536768384192,0.9283233554516283
708.3541770885444,0.905958614352971
709.3546773386694,0.8833291066558705
710.3551775887945,0.8579366207110088
711.3556778389195,0.8279087233616089
712.3561780890445,0.7928876413246678
713.3566783391697,0.7543417963728548
714.3571785892947,0.715005026629194
715.3576788394198,0.6779728569347058
716.3581790895448,0.6461776682828729
717.3586793396698,0.6223131106158521
718.359179589795,0.6088340973072471
719.35967983992,0.6077077768179883
720.3601800900451,0.619875168540377
721.3606803401701,0.6447451662890861
722.3611805902952,0.6801862273960685
723.3616808404203,0.7231655379194725
724.3621810905453,0.7706466624419378
725.3626813406704,0.8202405353452504
726.3631815907954,0.8703822299633642
727.3636818409205,0.9200662503437407
728.3641820910456,0.9682854761677021
729.3646823411707,1.0135096656979614
730.3651825912957,1.0537000298970416
731.3656828414207,1.086999557883773
732.3661830915458,1.112490595288865
733.3666833416709,1.1304433584978515
734.367183591796,1.1421224240389254
735.367683841921,1.1494810801300002
736.368184092046,1.1548732302492593
737.3686843421712,1.160756043834436
738.3691845922962,1.169322308812502
739.3696848424213,1.1820678143752825
740.3701850925463,1.199349938112248
741.3706853426714,1.2200251757898175
742.3711855927965,1.2412095087761434
743.3716858429215,1.258398453029891
744.3721860930466,1.2662593984675101
745.3726863431716,1.2602423695896687
746.3731865932967,1.2384391251887688
747.3736868434218,1.2023873164296934
748.3741870935469,1.1560643323560784
749.3746873436719,1.104041405032268
750.3751875937969,1.050173695131789
751.375687843922,0.9971724645102772
752.376188094047,0.9466555612248896
753.3766883441722,0.8993160455698428
754.3771885942972,0.8550771067467225
755.3776888444223,0.8132751570467913
756.3781890945473,0.7729201369909998
757.3786893446724,0.7330565571366093
758.3791895947975,0.6931281731903967
759.3796898449225,0.6532115377428618
760.3801900950476,0.6140152859622103
761.3806903451726,0.5767255721903363
762.3811905952977,0.5428521671108308
763.3816908454228,0.5142258038843838
764.3821910955478,0.49314852225294137
765.3826913456729,0.4825562850916579
766.3831915957979,0.4858777212664868
767.3836918459231,0.5061722248552453
768.3841920960481,0.5445029796248213
769.3846923461731,0.5985556940320219
770.3851925962982,0.6629808132765106
771.3856928464232,0.7313718877690488
772.3861930965484,0.7981934134208254
773.3866933466734,0.8595448047304153
774.3871935967985,0.9130124217432937
775.3876938469235,0.9572666246945386
776.3881940970485,0.9917650663364778
777.3886943471737,1.0165964974729815
778.3891945972987,1.0323843817847784
779.3896948474238,1.04018957473873
780.3901950975488,1.0414364851669473
781.3906953476738,1.0378856665023444
782.391195597799,1.031669595664187
783.391695847924,1.02534804945332
784.3921960980491,1.0218732109600137
785.3926963481741,1.0242991209153456
786.3931965982993,1.0351482750521837
787.3936968484243,1.0555450485339204
788.3941970985493,1.0842970644168908
789.3946973486744,1.117179166624816
790.3951975987994,1.1472577655718865
791.3956978489246,1.16734233877689
792.3961980990496,1.1733942761338791
793.3966983491747,1.1658106256691956
794.3971985992997,1.1479584459742216
795.3976988494247,1.124084308782982
796.3981990995499,1.0980429086978156
797.3986993496749,1.0728448761321059
798.3991995998,1.050577585464993
799.399699849925,1.0323900362510263
800.4002001000501,1.018431791135068
801.4007003501752,1.0077692770291318
802.4012006003002,0.9983798002884776
803.4017008504253,0.9873373595554283
804.4022011005503,0.9713226867605002
805.4027013506754,0.9476010058139291
806.4032016008005,0.9153220231437851
807.4037018509255,0.8762393203721682
808.4042021010506,0.8339807570847133
809.4047023511756,0.7925477895843122
810.4052026013007,0.7553423526647206
811.4057028514258,0.7249573527271621
812.4062031015509,0.7032203163157078
813.4067033516759,0.6911429505386375
814.4072036018009,0.6887771009320997
815.407703851926,0.6951578479338909
816.4082041020511,0.7085118092298471
817.4087043521762,0.7267160786577561
818.4092046023012,0.7478609234336071
819.4097048524263,0.770749032910338
820.4102051025513,0.7952432225866092
821.4107053526764,0.822359646290389
822.4112056028015,0.853907022427603
823.4117058529265,0.8913910631220229
824.4122061030516,0.9344105084537799
825.4127063531766,0.9800137721767056
826.4132066033017,1.0240415857382872
827.4137068534268,1.063219812901469
828.4142071035518,1.0961443059815734
829.4147073536769,1.1230671786843975
830.415207603802,1.1452457271748788
831.4157078539271,1.164336854881746
832.4162081040521,1.1819305756650247
833.4167083541771,1.1992354101047928
834.4172086043022,1.216915701376854
835.4177088544272,1.2350821947390984
836.4182091045524,1.2534067706684313
837.4187093546774,1.2712502976666116
838.4192096048025,1.287688931055189
839.4197098549275,1.3012731475487795
840.4202101050525,1.3095090297391492
841.4207103551777,1.3085580920634445
842.4212106053027,1.2943471930367436
843.4217108554278,1.2651193794102007
844.4222111055528,1.2227269347084364
845.4227113556778,1.1711917963355274
846.423211605803,1.114610044227554
847.423711855928,1.0560807386683975
848.4242121060531,0.99756907487933
849.4247123561781,0.9401489663569489
850.4252126063033,0.8843178017474839
851.4257128564283,0.8302724484996247
852.4262131065533,0.7781092389660151
853.4267133566784,0.727938640755882
854.4272136068034,0.679913588457816
855.4277138569286,0.6342316373612195
856.4282141070536,0.591135236573043
857.4287143571787,0.550954840359397
858.4292146073037,0.514206597540477
859.4297148574287,0.4817374181110254
860.4302151075539,0.45487671961549675
861.4307153576789,0.4356044561888273
862.431215607804,0.4267137504123578
863.431715857929,0.431764791127537
864.432216108054,0.45436354997245576
865.4327163581792,0.4964214275650994
866.4332166083042,0.5560843616950951
867.4337168584293,0.6272760455417358
868.4342171085543,0.7018068202842412
869.4347173586794,0.772339844391769
870.4352176088045,0.8340352068665312
871.4357178589295,0.8845726778223312
872.4362181090546,0.9234290935217081
873.4367183591796,0.9511279058545697
874.4372186093048,0.9687304604230493
875.4377188594298,0.9775481413139266
876.4382191095549,0.9790306087006793
877.4387193596799,0.9747589308308752
878.4392196098049,0.9665076571295408
879.43971985993,0.9563505195719889
880.4402201100551,0.946779973970848
881.4407203601802,0.9407519278204143
882.4412206103052,0.9414808834863684
883.4417208604303,0.9518297725338382
884.4422211105554,0.9733478725025673
885.4427213606804,1.0052146169252216
886.4432216108055,1.0434560397118855
887.4437218609305,1.0813675117128103
888.4442221110556,1.1120965226409296
889.4447223611807,1.1318439338028101
890.4452226113057,1.140777421568278
891.4457228614308,1.1416011862555833
892.4462231115558,1.13779991547687
893.4467233616809,1.1325859717451903
894.447223611806,1.1284619705877657
895.4477238619311,1.1270640295182104
896.4482241120561,1.1291009574870416
897.4487243621811,1.1343380546964672
898.4492246123062,1.141659515549648
899.4497248624313,1.1491625905003806
900.4502251125564,1.1542093649332863
901.4507253626814,1.1534011994151354
902.4512256128065,1.1428921413741262
903.4517258629315,1.1198005040334815
904.4522261130566,1.084308521017937
905.4527263631817,1.0400423379377313
906.4532266133067,0.9919987495786977
907.4537268634318,0.9444362504537251
908.4542271135568,0.9001537796344855
909.4547273636819,0.8606018442467352
910.455227613807,0.8261598988866161
911.455727863932,0.7963846489699428
912.4562281140571,0.7702668828824424
913.4567283641821,0.7465301848515689
914.4572286143073,0.7239610880450691
915.4577288644323,0.701705455667063
916.4582291145573,0.679473088894156
917.4587293646824,0.6576277170522138
918.4592296148074,0.6372535123636985
919.4597298649326,0.6202724966392777
920.4602301150576,0.6096133466280854
921.4607303651827,0.6091407765165627
922.4612306153077,0.6228125464884521
923.4617308654327,0.6528349626724395
924.4622311155579,0.6978477487638138
925.4627313656829,0.7530393920733928
926.463231615808,0.8123736549006648
927.463731865933,0.8708576955748167
928.4642321160582,0.9253825797204314
929.4647323661832,0.9744286213942887
930.4652326163082,1.0174438551178135
931.4657328664333,1.05433586875959
932.4662331165583,1.085188539721004
933.4667333666835,1.110137967308957
934.4672336168085,1.1294396286831438
935.4677338669335,1.1435223372709198
936.4682341170586,1.1531120987357202
937.4687343671836,1.1593721432380906
938.4692346173088,1.1640303161454182
939.4697348674338,1.1693910527511777
940.4702351175589,1.1780117345613033
941.4707353676839,1.191866232199817
942.4712356178089,1.2110777543781668
943.4717358679341,1.2327577400035243
944.4722361180591,1.2509644656239525
945.4727363681842,1.2587615646841153
946.4732366183092,1.2515020764481142
947.4737368684343,1.2285899839831969
948.4742371185594,1.1926213913822465
949.4747373686844,1.1474958031583433
950.4752376188095,1.097033823609019
951.4757378689345,1.0443765893772652
952.4762381190596,0.9918743143557168
953.4767383691847,0.9411613670872203
954.4772386193097,0.8932482180851431
955.4777388694348,0.8485664078601608
956.4782391195598,0.8069549774446374
957.478739369685,0.7676750399901642
958.47923961981,0.7295933501576267
959.4797398699351,0.6916352265449991
960.4802401200601,0.653374179249496
961.4807403701851,0.6153589708852408
962.4812406203102,0.5789643646253539
963.4817408704353,0.5460007163590764
964.4822411205604,0.5185086980573798
965.4827413706854,0.49884374726613545
966.4832416208105,0.4898511543592689
967.4837418709355,0.49477251258951865
968.4842421210606,0.5164755178816419
969.4847423711857,0.5559222766988946
970.4852426213107,0.6107637468416901
971.4857428714358,0.6755583367653134
972.4862431215608,0.7437511255551017
973.4867433716859,0.8097675820333016
974.487243621811,0.8698851321407066
975.487743871936,0.9220125851907391
976.4882441220611,0.9651116056282858
977.4887443721861,0.9987749789354368
978.4892446223113,1.0230791147387637
979.4897448724363,1.0385749482415434
980.4902451225613,1.0462868794282312
981.4907453726864,1.0476467645145655
982.4912456228114,1.0444439208978227
983.4917458729366,1.0388327576470784
984.4922461230616,1.0333645777871605
985.4927463731867,1.0309431792275414
986.4932466233117,1.034541213449808
987.4937468734367,1.0465675837379638
988.4942471235619,1.0679530208472907
989.4947473736869,1.097140518387473
990.495247623812,1.129413595237333
991.495747873937,1.1575602554851923
992.496248124062,1.1746928757461697
993.4967483741872,1.1774592212747448
994.4972486243122,1.1667962935090221
995.4977488744373,1.1462755308181882
996.4982491245623,1.1201333144925643
997.4987493746875,1.0921321212904873
998.4992496248125,1.0651684021095067
999.4997498749375,1.0412114691757008
1000.5002501250626,1.0213000043792309
1001.5007503751876,1.0054836124904767
1002.5012506253128,0.9927639158775
1003.5017508754378,0.9810807270330327
1004.5022511255629,0.9675258292174078
1005.5027513756879,0.9489086374614231
1006.5032516258129,0.9228134039215291
1007.5037518759381,0.888850600410396
1008.5042521260631,0.8491116956482269
1009.5047523761882,0.8072423404335707
1010.5052526263132,0.7670371526679683
1011.5057528764384,0.731685863915182
1012.5062531265634,0.7036684308768352
1013.5067533766884,0.6847878725147469
1014.5072536268135,0.6760630024687146
1015.5077538769385,0.6775277318266788
1016.5082541270637,0.6881593945097211
1017.5087543771887,0.7061025961302825
1018.5092546273137,0.7291729827891534
1019.5097548774388,0.7554399636809601
1020.5102551275638,0.783711292283773
1021.510755377689,0.8138319357298538
1022.511255627814,0.8466572214164061
1023.5117558779391,0.8835201881269504
1024.512256128064,0.9250075602692102
1025.5127563781891,0.9696763812439713
1026.5132566283141,1.0141466097655976
1027.5137568784394,1.054790356896924
1028.5142571285644,1.0893480633922124
1029.5147573786894,1.1173406756660513
1030.5152576288144,1.1396347576136374
1031.5157578789394,1.1578467144582654
1032.5162581290647,1.1738169417277484
1033.5167583791897,1.1892026089399466
1034.5172586293147,1.2051833642395713
1035.5177588794397,1.2222990903915065
1036.518259129565,1.2404294299597496
1037.51875937969,1.2588867309302585
1038.519259629815,1.2765175477744604
1039.51975987994,1.2916710875091717
1040.520260130065,1.301932679540814
1041.5207603801903,1.303825193466845
1042.5212606303153,1.2933648131833875
1043.5217608804403,1.2680921425063703
1044.5222611305653,1.2289096881693702
1045.5227613806903,1.1794686383743909
1046.5232616308156,1.1240789329741316
1047.5237618809406,1.0662590533106722
1048.5242621310656,1.0083445362881942
1049.5247623811906,0.951635823894404
1050.5252626313156,0.8966931026987236
1051.5257628814409,0.8436356495074377
1052.5262631315659,0.7924036339924883
1053.526763381691,0.7429420169247007
1054.527263631816,0.6953019118505259
1055.5277638819412,0.649654784102826
1056.5282641320662,0.6062831892373255
1057.5287643821912,0.5655732498350752
1058.5292646323162,0.528067586494775
1059.5297648824412,0.4945796476179621
1060.5302651325665,0.46635674143776684
1061.5307653826915,0.44526363470949154
1062.5312656328165,0.433960820256753
1063.5317658829415,0.4359040479945784
1064.5322661330665,0.45474916950394195
1065.5327663831918,0.49277161422616667
1066.5332666333168,0.54882262784331
1067.5337668834418,0.6175961400104903
1068.5342671335668,0.6913395328536114
1069.5347673836918,0.7626586095685285
1070.535267633817,0.8263133362717221
1071.535767883942,0.8794882269625443
1072.536268134067,0.9212375056603065
1073.536768384192,0.9517915413876691
1074.5372686343173,0.9720362698227178
1075.5377688844424,0.9831895231744514
1076.5382691345674,0.9866484908553932
1077.5387693846924,0.9839544711041105
1078.5392696348174,0.9768354028074889
1079.5397698849426,0.9673029337716991
1080.5402701350677,0.9577723668659197
1081.5407703851927,0.9511236604906241
1082.5412706353177,0.9505435698991955
1083.5417708854427,0.9589858829712322
1084.542271135568,0.9782737771636363
1085.542771385693,1.0080704744999431
1086.543271635818,1.04500654702114
1087.543771885943,1.0827347601561583
1088.5442721360682,1.1140868886718485
1089.5447723861932,1.1344565107970925
1090.5452726363183,1.1433438498040231
1091.5457728864433,1.1432098718326338
1092.5462731365683,1.1376074022373148
1093.5467733866935,1.1299449975234057
1094.5472736368185,1.1229586736105492
1095.5477738869436,1.1185323174725958
1096.5482741370686,1.117625008324795
1097.5487743871936,1.1202355672006015
1098.5492746373188,1.1254173061850665
1099.5497748874438,1.1313569779535533
1100.5502751375689,1.1354485932493101
1101.5507753876939,1.1343340713111907
1102.551275637819,1.1242146035628013
1103.5517758879441,1.1020965813389696
1104.5522761380691,1.0677908176267394
1105.5527763881942,1.0245527554412863
1106.5532766383192,0.9772844793232446
1107.5537768884444,0.9303776675860397
1108.5542771385694,0.8868443008554455
1109.5547773886944,0.8483547927194934
1110.5552776388195,0.8154841869949899
1111.5557778889445,0.7879300905686611
1112.5562781390697,0.7647329575046333
1113.5567783891947,0.7445525460295671
1114.5572786393197,0.7260018678108506
1115.5577788894448,0.7079871701313775
1116.5582791395698,0.6899770980938277
1117.558779389695,0.672163990412672
1118.55927963982,0.6555588883230392
1119.559779889945,0.6421107904511937
1120.56028014007,0.6348427241334726
1121.560780390195,0.6377090211148535
1122.5612806403203,0.6546031441727559
1123.5617808904453,0.6873472671831565
1124.5622811405703,0.7339675019789645
1125.5627813906954,0.7892285343921701
1126.5632816408206,0.8471485012995196
1127.5637818909456,0.9031579934701942
1128.5642821410706,0.9546757589658381
1129.5647823911956,1.0006516227660078
1130.5652826413207,1.0408955681475427
1131.565782891446,1.0755706243492742
1132.566283141571,1.10491649917382
1133.566783391696,1.129163740048814
1134.567283641821,1.148562577425411
1135.567783891946,1.1634772299539908
1136.5682841420712,1.174540331529961
1137.5687843921962,1.1828038389055917
1138.5692846423212,1.189881028184963
1139.5697848924463,1.1979211305893545
1140.5702851425713,1.2091758576122835
1141.5707853926965,1.2249678817643688
1142.5712856428215,1.2442790003235626
1143.5717858929465,1.262821262160958
1144.5722861430716,1.2739532530238824
1145.5727863931968,1.2717082205745005
1146.5732866433218,1.2536372387477748
1147.5737868934468,1.2210691092400086
1148.5742871435718,1.1774432659412484
1149.5747873936969,1.1266202247229877
1150.575287643822,1.0719841105670493
1151.575787893947,1.016175361793993
1152.5762881440721,0.9611147298654893
1153.5767883941971,0.9081065676475983
1154.5772886443222,0.8579245826554777
1155.5777888944474,0.810853034266298
1156.5782891445724,0.7666893479909932
1157.5787893946974,0.724796391855889
1158.5792896448224,0.6843233333405669
1159.5797898949475,0.6446317399383422
1160.5802901450727,0.6057372797033806
1161.5807903951977,0.5684339378692637
1162.5812906453227,0.5340857556867019
1163.5817908954477,0.5043856820337146
1164.582291145573,0.4813547092674978
1165.582791395698,0.46753844400148836
1166.583291645823,0.46613959150754647
1167.583791895948,0.480659883151014
1168.584292146073,0.5136042279778784
1169.5847923961983,0.5644962008907342
1170.5852926463233,0.6288263559346751
1171.5857928964483,0.6994251951932446
1172.5862931465733,0.7692424275055998
1173.5867933966983,0.8332248724592304
1174.5872936468236,0.8885578334379645
1175.5877938969486,0.9340394694520643
1176.5882941470736,0.969406822563331
1177.5887943971986,0.9949363617649043
1178.5892946473236,1.0113046027824846
1179.5897948974489,1.019548576521163
1180.590295147574,1.0210269247041923
1181.590795397699,1.0173912409699002
1182.591295647824,1.0106044583886091
1183.5917958979492,1.0030082206206112
1184.5922961480742,0.9973753720274964
1185.5927963981992,0.9967980789296651
1186.5932966483242,1.0042235384216611
1187.5937968984492,1.0215909517813024
1188.5942971485745,1.0487611311204827
1189.5947973986995,1.0825682938334886
1190.5952976488245,1.116742249544827
1191.5957978989495,1.1438564455981994
1192.5962981490745,1.1587431964333057
1193.5967983991998,1.1604486917701795
1194.5972986493248,1.1513875487427667
1195.5977988994498,1.1353974816634032
1196.5982991495748,1.116295847500712
1197.5987993996998,1.0972311116352842
1198.599299649825,1.0804883912391883
1199.59979989995,1.067438239613937
1200.600300150075,1.0584803399958453
1201.6008004002001,1.052985930690578
1202.6013006503254,1.0492618335265278
1203.6018009004504,1.0446223809239026
1204.6023011505754,1.035644294891861
1205.6028014007004,1.0188464160221569
1206.6033016508254,0.9920377468250471
1207.6038019009507,0.9557592284057318
1208.6043021510757,0.913296920577179
1209.6048024012007,0.8690529591620098
1210.6053026513257,0.8269651776538578
1211.6058029014507,0.7899406478708311
1212.606303151576,0.7598872185446516
1213.606803401701,0.7378053857656935
1214.607303651826,0.7238018880641375
1215.607803901951,0.7171161983810531
1216.608304152076,0.7162898108172315
1217.6088044022013,0.7195046371055399
1218.6093046523263,0.7250299757335066
1219.6098049024513,0.7316729129566459
1220.6103051525763,0.7391674186554505
1221.6108054027015,0.7484484503672516
1222.6113056528266,0.7617377539625472
1223.6118059029516,0.782176879462722
1224.6123061530766,0.8125344164059913
1225.6128064032016,0.853140881005005
1226.6133066533268,0.9008251615170947
1227.6138069034519,0.9504142921020318
1228.6143071535769,0.997363094778893
1229.614807403702,1.0391589295119341
1230.615307653827,1.075207429576227
1231.6158079039521,1.106097829438823
1232.6163081540772,1.1329148337199961
1233.6168084042022,1.1567613390516192
1234.6173086543272,1.1785072694760204
1235.6178089044524,1.198714590715303
1236.6183091545774,1.2176886051292553
1237.6188094047025,1.2355985921498929
1238.6193096548275,1.2526025182102065
1239.6198099049525,1.2689326676743649
1240.6203101550777,1.284791459607707
1241.6208104052027,1.2999359353716455
1242.6213106553278,1.3126703897204075
1243.6218109054528,1.3189729125429908
1244.6223111555778,1.3135156634105305
1245.622811405703,1.29285999270488
1246.623311655828,1.257510601892671
1247.623811905953,1.210793477363397
1248.624312156078,1.1566677627884943
1249.624812406203,1.098449239417391
1250.6253126563283,1.0385200274148554
1251.6258129064533,0.9784811856747959
1252.6263131565784,0.9193903377042484
1253.6268134067034,0.8619542317958628
1254.6273136568286,0.8066468227209188
1255.6278139069536,0.7537748373739085
1256.6283141570786,0.7035102608393518
1257.6288144072037,0.6559177757311856
1258.6293146573287,0.6110137682918576
1259.629814907454,0.5688676265323616
1260.630315157579,0.5297553986504548
1261.630815407704,0.49430518295873194
1262.631315657829,0.46355899809969264
1263.631815907954,0.43903317690020655
1264.6323161580792,0.4228788753010867
1265.6328164082042,0.4180785686670684
1266.6333166583292,0.4283587717146418
1267.6338169084543,0.4572626092168174
1268.6343171585793,0.5060434156705664
1269.6348174087045,0.5714750011229006
1270.6353176588295,0.6460129501061262
1271.6358179089546,0.7208472154475535
1272.6363181590796,0.7890862738942566
1273.6368184092048,0.8468632464289606
1274.6373186593298,0.8927871407255263
1275.6378189094548,0.926974539905194
1276.6383191595799,0.950300279638311
1277.6388194097049,0.963983425569786
1278.63931965983,0.9694043188856672
1279.6398199099551,0.9680647034258347
1280.6403201600801,0.9616093256334256
1281.6408204102052,0.9518938889792684
1282.6413206603302,0.9410947169210109
1283.6418209104554,0.9318306548081337
1284.6423211605804,0.9271837104444838
1285.6428214107054,0.9304114848492834
1286.6433216608305,0.9441888768748108
1287.6438219109555,0.9695044358184656
1288.6443221610807,1.0045846016398894
1289.6448224112057,1.0444247066558787
1290.6453226613307,1.0819712524869352
1291.6458229114558,1.1111970330807015
1292.646323161581,1.1296559011094929
1293.646823411706,1.1384298907421806
1294.647323661831,1.1404730353493817
1295.647823911956,1.1391146558151903
1296.648324162081,1.1372519133633971
1297.6488244122063,1.1370176154554335
1298.6493246623313,1.1396564313989686
1299.6498249124563,1.145491638212659
1300.6503251625813,1.1539639762344744
1301.6508254127064,1.1637439995315808
1302.6513256628316,1.1728347947688589
1303.6518259129566,1.1785373603003033
1304.6523261630816,1.1773350109092682
1305.6528264132066,1.1653174976224416
1306.6533266633317,1.1399520737976
1307.653826913457,1.102201984795138
1308.654327163582,1.0562728718141126
1309.654827413707,1.007173319422601
1310.655327663832,0.958841147322112
1311.6558279139572,0.9136943480131052
1312.6563281640822,0.8728401273297672
1313.6568284142072,0.8363876241398708
1314.6573286643322,0.8037320882551736
1315.6578289144572,0.7738523224423811
1316.6583291645825,0.745623740509785
1317.6588294147075,0.7181185391745478
1318.6593296648325,0.6908262312294283
1319.6598299149575,0.6637596924215293
1320.6603301650825,0.6374772185352326
1321.6608304152078,0.6131323406314957
1322.6613306653328,0.5926162081730322
1323.6618309154578,0.5787531090059548
1324.6623311655828,0.575267065909267
1325.6628314157078,0.586064098834124
1326.663331665833,0.6135912931911132
1327.663831915958,0.6570440839080275
1328.664332166083,0.7121283240030011
1329.6648324162081,0.7729018256703739
1330.6653326663334,0.8340229378168156
1331.6658329164584,0.8918228194661
1332.6663331665834,0.944219397818633
1333.6668334167084,0.9901919454530715
1334.6673336668334,1.0293087049248288
1335.6678339169587,1.0614499418396484
1336.6683341670837,1.0867058646489482
1337.6688344172087,1.1053699294683959
1338.6693346673337,1.11800387404496
1339.6698349174587,1.1254947833071434
1340.670335167584,1.1291652551711553
1341.670835417709,1.1308847390381422
1342.671335667834,1.133094691977147
1343.671835917959,1.1385709714146084
1344.6723361680843,1.1497585148020655
1345.6728364182093,1.1677167094256478
1346.6733366683343,1.190964254683821
1347.6738369184593,1.2148391972073078
1348.6743371685843,1.2323596708695541
1349.6748374187096,1.2370716107182596
1350.6753376688346,1.2260093303385544
1351.6758379189596,1.200269455723822
1352.6763381690846,1.1633915834628583
1353.6768384192096,1.1195006202915536
1354.6773386693349,1.072249447926512
1355.6778389194599,1.0244734786025897
1356.678339169585,0.9781971801734235
1357.67883941971,0.9347201981966003
1358.679339669835,0.8946553473236208
1359.6798399199602,0.8578973836354814
1360.6803401700852,0.823589711296351
1361.6808404202102,0.7902513093577769
1362.6813406703352,0.7562289864497399
1363.6818409204604,0.7204289074273811
1364.6823411705855,0.6829353034348247
1365.6828414207105,0.6450681996242064
1366.6833416708355,0.6088944939033378
1367.6838419209605,0.5767218676008625
1368.6843421710857,0.5509470135992678
1369.6848424212108,0.5341666003753128
1370.6853426713358,0.5292189069304891
1371.6858429214608,0.5388103934742974
1372.6863431715858,0.5645585095996712
1373.686843421711,0.6058350175446168
1374.687343671836,0.6593752558244207
1375.687843921961,0.7202264007989639
1376.688344172086,0.783362231139773
1377.688844422211,0.8448042753202378
1378.6893446723363,0.9018381021127201
1379.6898449224614,0.9526634932576231
1380.6903451725864,0.99599159781947
1381.6908454227114,1.0309036595811394
1382.6913456728366,1.0569815979630786
1383.6918459229616,1.0744654116833916
1384.6923461730867,1.0842638004149154
1385.6928464232117,1.087849094748726
1386.6933466733367,1.0871465440850556
1387.693846923462,1.084479643349196
1388.694347173587,1.0825085418056248
1389.694847423712,1.0840467773672748
1390.695347673837,1.0916434467784784
1391.695847923962,1.1069197108042819
1392.6963481740872,1.1297385141183394
1393.6968484242122,1.1573949049294379
1394.6973486743373,1.1842896185297431
1395.6978489244623,1.2031595579005518
1396.6983491745873,1.2081028921541002
1397.6988494247125,1.1972508110950413
1398.6993496748375,1.1728034777936684
1399.6998499249626,1.1390554492996539
1400.7003501750876,1.1004817061587722
1401.7008504252128,1.0607719489806477
1402.7013506753378,1.0225953352489272
1403.7018509254628,0.9876426226666961
1404.7023511755879,0.9566824065005698
1405.7028514257129,0.9295503137658597
1406.7033516758381,0.9051369270022027
1407.7038519259631,0.8814971216540061
1408.7043521760882,0.8562393763367241
1409.7048524262132,0.8272525856607414
1410.7053526763382,0.7935953455474407
1411.7058529264634,0.7560503061707435
1412.7063531765884,0.7168800189047715
1413.7068534267135,0.679015027729679
1414.7073536768385,0.6453953084061803
1415.7078539269635,0.6187818839741086
1416.7083541770887,0.6017818441066332
1417.7088544272137,0.596707147641719
1418.7093546773388,0.6050902326613528
1419.7098549274638,0.6270349094492631
1420.710355177589,0.660915556946192
1421.710855427714,0.7037893798894013
1422.711355677839,0.7523208708176132
1423.711855927964,0.8036265424123437
1424.712356178089,0.8556455565349811
1425.7128564282143,0.9070111021362173
1426.7133566783393,0.9565819602075359
1427.7138569284643,1.0029277046769736
1428.7143571785894,1.0441942416062227
1429.7148574287144,1.0785899336775537
1430.7153576788396,1.1050877268138453
1431.7158579289646,1.1237718921824975
1432.7163581790896,1.1357231492910755
1433.7168584292147,1.1427618629128957
1434.7173586793397,1.1471835487712256
1435.717858929465,1.1515051672237566
1436.71835917959,1.1581343531309394
1437.718859429715,1.1689381983301197
1438.71935967984,1.1847648791565195
1439.7198599299652,1.2049820618577356
1440.7203601800902,1.2271232213036714
1441.7208604302152,1.2468289131874244
1442.7213606803402,1.2585085622369114
1443.7218609304653,1.2569889538882282
1444.7223611805905,1.2396033424606547
1445.7228614307155,1.2072822844425
1446.7233616808405,1.1637418332310974
1447.7238619309655,1.1136116412745136
1448.7243621810906,1.0609732603803688
1449.7248624312158,1.0088023255271823
1450.7253626813408,0.9589638754902444
1451.7258629314658,0.9123618034578432
1452.7263631815908,0.8690800016570293
1453.7268634317159,0.8285220237311653
1454.727363681841,0.789636689918682
1455.727863931966,0.7512660667078699
1456.7283641820911,0.7125696629301541
1457.7288644322161,0.6733701537162076
1458.7293646823414,0.6342457488594624
1459.7298649324664,0.596391987483304
1460.7303651825914,0.5613949538580344
1461.7308654327164,0.5311349411364971
1462.7313656828414,0.5078779596363241
1463.7318659329667,0.49443821303800295
1464.7323661830917,0.4941218616228956
1465.7328664332167,0.5100487504174438
1466.7333666833417,0.5437080864628155
1467.7338669334667,0.5935185303355207
1468.734367183592,0.6548147627330622
1469.734867433717,0.7215238180408049
1470.735367683842,0.7881049781600616
1471.735867933967,0.8504848609634769
1472.736368184092,0.9060193507839995
1473.7368684342173,0.9531087303816392
1474.7373686843423,0.9909001212418435
1475.7378689344673,1.0191618825167528
1476.7383691845923,1.0382364600801728
1477.7388694347176,1.0489840219609416
1478.7393696848426,1.0526973942412086
1479.7398699349676,1.0510488781516059
1480.7403701850926,1.0460917839164587
1481.7408704352176,1.0402983733317759
1482.7413706853429,1.036537887088113
1483.741870935468,1.0378414753281844
1484.742371185593,1.0468454867185193
1485.742871435718,1.06498184216647
1486.743371685843,1.0915841217383677
1487.7438719359682,1.123099483420911
1488.7443721860932,1.1530723700376209
1489.7448724362182,1.1740703339485477
1490.7453726863432,1.181114070894213
1491.7458729364685,1.1736769566468819
1492.7463731865935,1.1547256428314223
1493.7468734367185,1.1285593660821955
1494.7473736868435,1.099270492997653
1495.7478739369685,1.0701298714347451
1496.7483741870938,1.0434680310305315
1497.7488744372188,1.020678674508301
1498.7493746873438,1.002185418236176
1499.7498749374688,0.9873554925885335
1500.7503751875938,0.9744686968921109
1501.750875437719,0.9608631689334365
1502.751375687844,0.9434030954734488
1503.751875937969,0.9193740751613516
1504.752376188094,0.8876776228149581
1505.7528764382191,0.8495964553328902
1506.7533766883444,0.8083221060210358
1507.7538769384694,0.7676448697470226
1508.7543771885944,0.7309716841910815
1509.7548774387194,0.7010548706768139
1510.7553776888446,0.6800129083402028
1511.7558779389697,0.6692544508642275
1512.7563781890947,0.6692459759964688
1513.7568784392197,0.6793290436818631
1514.7573786893447,0.6978190976539523
1515.75787893947,0.7224603179915484
1516.758379189595,0.7510512095224549
1517.75887943972,0.7820027616971147
1518.759379689845,0.8146878109222029
1519.75987993997,0.8494985047033027
1520.7603801900952,0.8874351131413779
1521.7608804402203,0.9290901486295925
1522.7613806903453,0.9734187019503473
1523.7618809404703,1.0174905800617626
1524.7623811905953,1.0578393662749128
1525.7628814407205,1.092101495657533
1526.7633816908456,1.1196258472642238
1527.7638819409706,1.1411767582251422
1528.7643821910956,1.1583632045458279
1529.7648824412208,1.1731210587249585
1530.7653826913458,1.187284115680241
1531.7658829414709,1.2022405893958814
1532.7663831915959,1.2187081501238013
1533.766883441721,1.2366396285374166
1534.7673836918461,1.255272150990349
1535.7678839419711,1.2732319761581243
1536.7683841920962,1.2885685274218335
1537.7688844422212,1.2986164027640126
1538.7693846923462,1.2998535676501752
1539.7698849424714,1.2884967415673387
1540.7703851925964,1.2623614601605522
1541.7708854427215,1.2225105354231816
1542.7713856928465,1.1726432485964988
1543.7718859429715,1.1170858899916578
1544.7723861930967,1.0593695396863625
1545.7728864432218,1.0018351177215006
1546.7733866933468,0.9457688857074922
1547.7738869434718,0.8916829694915188
1548.774387193597,0.8396118957433661
1549.774887443722,0.7893840468746776
1550.775387693847,0.74083883797259
1551.775887943972,0.6939577575679158
1552.776388194097,0.6488992731750991
1553.7768884442223,0.6059792508661965
1554.7773886943473,0.565648004573476
1555.7778889444724,0.5285184258790473
1556.7783891945974,0.4954712007455396
1557.7788894447224,0.4678212490812654
1558.7793896948476,0.44752092464274823
1559.7798899449726,0.43734058494807704
1560.7803901950977,0.44082128199550413
1561.7808904452227,0.46155715489390575
1562.7813906953477,0.5014894394724918
1563.781890945473,0.5589384320860988
1564.782391195598,0.6282169598844858
1565.782891445723,0.7016065584303826
1566.783391695848,0.7720484243970267
1567.7838919459732,0.8346579743193809
1568.7843921960982,0.8868394321900502
1569.7848924462232,0.9277336887462737
1570.7853926963483,0.9575821899295468
1571.7858929464733,0.977256803983198
1572.7863931965985,0.9879625822156298
1573.7868934467235,0.9910931006173126
1574.7873936968485,0.9881978050630744
1575.7878939469736,0.981025755656856
1576.7883941970986,0.9716269177492302
1577.7888944472238,0.9624706740488227
1578.7893946973488,0.9564892622811799
1579.7898949474738,0.9568760714830232
1580.7903951975989,0.966491763241924
1581.7908954477239,0.9869415875936237
1582.791395697849,1.0175593487943426
1583.7918959479741,1.0545937328016715
1584.7923961980991,1.0914348589090936
1585.7928964482242,1.1210007814895429
1586.7933966983494,1.1390918712931017
1587.7938969484744,1.145640385810007
1588.7943971985994,1.1433696247396294
1589.7948974487244,1.1359238206773532
1590.7953976988495,1.1267075225460574
1591.7958979489747,1.1184136341147008
1592.7963981990997,1.1128697011891215
1593.7968984492247,1.1109740931142524
1594.7973986993497,1.1126512130031314
1595.7978989494748,1.1168644459581274
1596.7983991996,1.1216791261947516
1597.798899449725,1.1243443156759647
1598.79939969985,1.1213811953768735
1599.799899949975,1.1090350842587298
1600.8004002001003,1.0846804706000763
1601.8009004502253,1.0487043452101872
1602.8014007003503,1.004732503752438
1603.8019009504753,0.9576578655197135
1604.8024012006003,0.9116746966512183
1605.8029014507256,0.8696039618808582
1606.8034017008506,0.8329846666479808
1607.8039019509756,0.802301907229411
1608.8044022011006,0.777178855104594
1609.8049024512256,0.7565839765942945
1610.8054027013509,0.7391035610032496
1611.805902951476,0.7232880852594678
1612.806403201601,0.7080037212952395
1613.806903451726,0.6927192628493766
1614.807403701851,0.6776893490735486
1615.8079039519762,0.6640700817860736
1616.8084042021012,0.6540468274869196
1617.8089044522262,0.6509209163505062
1618.8094047023512,0.6587706185790926
1619.8099049524765,0.6811089031773933
1620.8104052026015,0.7186999248810874
1621.8109054527265,0.7683587222299937
1622.8114057028515,0.8243089109039581
1623.8119059529765,0.8809063321330659
1624.8124062031018,0.9343337051274402
1625.8129064532268,0.9827221358954762
1626.8134067033518,1.0255211792685284
1627.8139069534768,1.0628412235188702
1628.8144072036018,1.0950083326466789
1629.814907453727,1.122348235576056
1630.815407703852,1.1451299552630134
1631.815907953977,1.163618402148541
1632.8164082041021,1.1781939753709423
1633.8169084542271,1.189508785438196
1634.8174087043524,1.1986586996345148
1635.8179089544774,1.2072928478740523
1636.8184092046024,1.217481963222436
1637.8189094547274,1.231066763906148
1638.8194097048527,1.2483683908795877
1639.8199099549777,1.2668105743141422
1640.8204102051027,1.2807159417878782
1641.8209104552277,1.2834965946333294
1642.8214107053527,1.2710254697898073
1643.821910955478,1.2431666823203098
1644.822411205603,1.202683293231055
1645.822911455728,1.1533650431071816
1646.823411705853,1.0987947717221354
1647.823911955978,1.0418769856948884
1648.8244122061033,0.984785851639737
1649.8249124562283,0.9290583582896673
1650.8254127063533,0.87570072156921
1651.8259129564783,0.8252602909333142
1652.8264132066033,0.7778495189503323
1653.8269134567286,0.7331712503495182
1654.8274137068536,0.6906123427245313
1655.8279139569786,0.6495199089557016
1656.8284142071036,0.6096146849137846
1657.8289144572288,0.5712772323857295
1658.8294147073539,0.5355197034444968
1659.8299149574789,0.5037703591133513
1660.830415207604,0.47778468268522317
1661.830915457729,0.4597869914165275
1662.8314157078541,0.4526905477638539
1663.8319159579792,0.4600502845996542
1664.8324162081042,0.48522738904426
1665.8329164582292,0.5294966986989973
1666.8334167083542,0.5901070778567159
1667.8339169584794,0.6604322295275606
1668.8344172086045,0.7325969068583925
1669.8349174587295,0.8002348204425205
1670.8354177088545,0.8595037876799531
1671.8359179589795,0.9086697775998501
1672.8364182091047,0.9473048611911739
1673.8369184592298,0.9756808879642862
1674.8374187093548,0.9944869600051588
1675.8379189594798,1.0047309981163117
1676.838419209605,1.0077018960919741
1677.83891945973,1.004947223036284
1678.839419709855,0.9982822518439747
1679.83991995998,0.9898571597591663
1680.840420210105,0.9822467172430536
1681.8409204602303,0.9784561570628113
1682.8414207103554,0.9816461620870494
1683.8419209604804,0.994423532954845
1684.8424212106054,1.017790069793386
1685.8429214607304,1.0500701535258532
1686.8434217108556,1.0863151526983732
1687.8439219609807,1.1192843799676213
1688.8444222111057,1.1424824787704633
1689.8449224612307,1.1530572577923288
1690.8454227113557,1.1520670518129497
1691.845922961481,1.1427918906420853
1692.846423211606,1.1290260711342213
1693.846923461731,1.1141383312219784
1694.847423711856,1.1007170621970794
1695.8479239619812,1.090462548266327
1696.8484242121062,1.0841344457349202
1697.8489244622313,1.081494984944837
1698.8494247123563,1.0812846848443136
1699.8499249624813,1.0812545412388173
1700.8504252126065,1.07827458014026
1701.8509254627315,1.0686594344791935
1702.8514257128566,1.0491078519657382
1703.8519259629816,1.0183882412528253
1704.8524262131066,0.9784808694274569
1705.8529264632318,0.9336551204452146
1706.8534267133568,0.8884349774600706
1707.8539269634819,0.846359282796781
1708.8544272136069,0.8097696713703714
1709.8549274637319,0.7799509576608769
1710.8554277138571,0.7572513182432794
1711.8559279639821,0.7411732757191783
1712.8564282141072,0.7305225291348177
1713.8569284642322,0.7236854798642444
1714.8574287143574,0.7190096134735648
1715.8579289644824,0.7152107132476195
1716.8584292146074,0.7117357310546835
1717.8589294647325,0.7090346114338829
1718.8594297148575,0.7087567877209897
1719.8599299649827,0.713804304402615
1720.8604302151077,0.727946662254972
1721.8609304652327,0.7544362444027263
1722.8614307153578,0.793797624592516
1723.8619309654828,0.8427044838960595
1724.862431215608,0.8955294148466052
1725.862931465733,0.947125896738532
1726.863431715858,0.9943776844941582
1727.863931965983,1.0361470770661767
1728.864432216108,1.0725495414804442
1729.8649324662333,1.1042581210696512
1730.8654327163583,1.132043921823395
1731.8659329664833,1.156550461208558
1732.8664332166084,1.1782349820408435
1733.8669334667336,1.1974139067724163
1734.8674337168586,1.214371996560141
1735.8679339669836,1.2295075448920372
1736.8684342171086,1.2434773928439127
1737.8689344672337,1.2572557747482216
1738.869434717359,1.2718674848022824
1739.869934967484,1.2874888965693054
1740.870435217609,1.302023157196919
1741.870935467734,1.310484394589049
1742.871435717859,1.3069405049151834
1743.8719359679842,1.2880019885246379
1744.8724362181092,1.2542718162681343
1745.8729364682342,1.2089293967981132
1746.8734367183592,1.1557538873676854
1747.8739369684845,1.0980317195087643
1748.8744372186095,1.038275604163476
1749.8749374687345,0.9783005488723913
1750.8754377188595,0.9193795002367446
1751.8759379689845,0.8623781282731721
1752.8764382191098,0.8078438554087186
1753.8769384692348,0.7560606908429991
1754.8774387193598,0.7070793902505855
1755.8779389694848,0.6607630660699245
1756.8784392196098,0.6169030088336139
1757.878939469735,0.5754321571986148
1758.87943971986,0.5366397490930951
1759.8799399699851,0.5012663399340885
1760.8804402201101,0.47045952322703316
1761.8809404702351,0.4457842456808473
1762.8814407203604,0.42939541876667914
1763.8819409704854,0.4242668393185158
1764.8824412206104,0.4341391413162809
1765.8829414707354,0.46260399270954655
1766.8834417208607,0.5109569544639384
1767.8839419709857,0.5759571630349533
1768.8844422211107,0.6500361851975416
1769.8849424712357,0.7244432235624843
1770.8854427213607,0.7924155845320361
1771.885942971486,0.8501965907072102
1772.886443221611,0.896428324310241
1773.886943471736,0.9311800270060515
1774.887443721861,0.9552300484082779
1775.887943971986,0.9696923712315989
1776.8884442221113,0.9758719598811231
1777.8889444722363,0.9752277757792397
1778.8894447223613,0.9693857846292139
1779.8899449724863,0.960190612990698
1780.8904452226113,0.9498090754960241
1781.8909454727366,0.9408520981507136
1782.8914457228616,0.9364001746888727
1783.8919459729866,0.939717513483339
1784.8924462231116,0.9534805556668223
1785.8929464732369,0.9786525532061395
1786.8934467233619,1.013401395955526
1787.893946973487,1.0526464848980333
1788.894447223612,1.0892791555562407
1789.894947473737,1.1172540995196658
1790.8954477238622,1.1341379651808043
1791.8959479739872,1.141051939190013
1792.8964482241122,1.141013941880592
1793.8969484742372,1.1374298763880912
1794.8974487243622,1.1332771478672938
1795.8979489744875,1.1307706882316533
1796.8984492246125,1.1312398047300862
1797.8989494747375,1.1350841289658118
1798.8994497248625,1.1417915052008227
1799.8999499749875,1.1500188633502273
1800.9004502251128,1.1576767812296993
1801.9009504752378,1.1619229370584825
1802.9014507253628,1.159136388106257
1803.9019509754878,1.1454824349662966
1804.902451225613,1.1187345182317572
1805.902951475738,1.080186397516151
1806.903451725863,1.0341580560772288
1807.903951975988,0.9855862733379994
1808.904452226113,0.9383068520214561
1809.9049524762383,0.8946818373453256
1810.9054527263634,0.8558059983411744
1811.9059529764884,0.8217859643749658
1812.9064532266134,0.7919929178892092
1813.9069534767384,0.7653377600263825
1814.9074537268637,0.7405798847412258
1815.9079539769887,0.716646979149589
1816.9084542271137,0.6928912232610072
1817.9089544772387,0.66924237016771
1818.9094547273637,0.6462690069806349
1819.909954977489,0.6252470455034183
1820.910455227614,0.6083088605620386
1821.910955477739,0.5985981219583985
1822.911455727864,0.60008279467748
1823.9119559779892,0.6165202793363481
1824.9124562281143,0.6495296340435348
1825.9129564782393,0.6970425316098074
1826.9134567283643,0.7538515251311534
1827.9139569784893,0.8139697491584433
1828.9144572286145,0.8726677941983096
1829.9149574787396,0.9270688838411979
1830.9154577288646,0.975769192423863
1831.9159579789896,1.0182358263294404
1832.9164582291146,1.0543500886222528
1833.9169584792398,1.0841763997066007
1834.9174587293649,1.107841325324204
1835.9179589794899,1.125656670263793
1836.9184592296149,1.1381467532418312
1837.91895947974,1.146169838704152
1838.9194597298651,1.1510567396090632
1839.9199599799902,1.154719632966984
1840.9204602301152,1.1596196977599014
1841.9209604802402,1.1683703788091868
1842.9214607303654,1.1828431791275156
1843.9219609804904,1.2029178928825688
1844.9224612306155,1.2254090162477311
1845.9229614807405,1.2441583776481109
1846.9234617308655,1.2522091095910253
1847.9239619809907,1.245076144089915
1848.9244622311157,1.2223707254350282
1849.9249624812408,1.1868366928283396
1850.9254627313658,1.142438006243174
1851.9259629814908,1.093004062425367
1852.926463231616,1.0416601592808556
1853.926963481741,0.9907256668309535
1854.927463731866,0.9417959511385686
1855.927963981991,0.8958278067568156
1856.9284642321163,0.8531619476405123
1857.9289644822413,0.8135046851871787
1858.9294647323663,0.7759466031066056
1859.9299649824914,0.7391914360019964
1860.9304652326164,0.702080885377969
1861.9309654827416,0.664221834197044
1862.9314657328666,0.6262929772943214
1863.9319659829916,0.5898272341453378
1864.9324662331167,0.556772301286115
1865.9329664832417,0.5292696421890027
1866.933466733367,0.5097371976542562
1867.933966983492,0.5010217495568261
1868.934467233617,0.5062611728894851
1869.934967483742,0.5280848048213433
1870.935467733867,0.5671641413715185
1871.9359679839922,0.6210292506057895
1872.9364682341172,0.6844369769441777
1873.9369684842422,0.7512405577218969
1874.9374687343673,0.8162416413446554
1875.9379689844925,0.8759190678949783
1876.9384692346175,0.9281996587248027
1877.9389694847425,0.9719339451788889
1878.9394697348675,1.0065412888617986
1879.9399699849926,1.031924646767249
1880.9404702351178,1.0485117365726087
1881.9409704852428,1.0572581785600974
1882.9414707353678,1.0595766570137735
1883.9419709854928,1.0572689442103989
1884.9424712356179,1.0525143944537805
1885.942971485743,1.0478810670708842
1886.9434717358681,1.0462534154355299
1887.9439719859931,1.0505251285795432
1888.9444722361181,1.0629695604469915
1889.9449724862432,1.0843505564330973
1890.9454727363684,1.1129626445696303
1891.9459729864934,1.1439840631113243
1892.9464732366184,1.1701861482003753
1893.9469734867434,1.1847537123248233
1894.9474737368687,1.1844677467316216
1895.9479739869937,1.170427911356999
1896.9484742371187,1.1463607043663913
1897.9489744872437,1.1166110519299839
1898.9494747373687,1.0849937394005709
1899.949974987494,1.0544154704097024
1900.950475237619,1.026837072569281
1901.950975487744,1.003286937448733
1902.951475737869,0.983823673106437
1903.951975987994,0.9674679672376372
1904.9524762381193,0.952218587137808
1905.9529764882443,0.9352913446652337
1906.9534767383693,0.9137404786808865
1907.9539769884943,0.8855010776589439
1908.9544772386193,0.8504799254970048
1909.9549774887446,0.8108062152575931
1910.9554777388696,0.7699178400512862
1911.9559779889946,0.7313586836772785
1912.9564782391196,0.6981854321631321
1913.9569784892449,0.6729059264427155
1914.95747873937,0.6574778585605401
1915.957978989495,0.6531196676284549
1916.95847923962,0.659997615605392
1917.958979489745,0.6770726427881082
1918.9594797398702,0.702326860633093
1919.9599799899952,0.7333430392842156
1920.9604802401202,0.7679614791155945
1921.9609804902452,0.8047670407822642
1922.9614807403702,0.8432877401279111
1923.9619809904955,0.8838165007993916
1924.9624812406205,0.9267177462785229
1925.9629814907455,0.9713697489045042
1926.9634817408705,1.0155453977296396
1927.9639819909955,1.0561425826598791
1928.9644822411208,1.0906797576498257
1929.9649824912458,1.1181854224945345
1930.9654827413708,1.1391513824231358
1931.9659829914958,1.1550621004268435
1932.966483241621,1.167910288238251
1933.966983491746,1.1797736226557538
1934.967483741871,1.1924378577115275
1935.967983991996,1.2070759105670523
1936.9684842421211,1.2240289658521162
1937.9689844922464,1.2427112353974301
1938.9694847423714,1.2616325918064963
1939.9699849924964,1.278475427021993
1940.9704852426214,1.2901412860336232
1941.9709854927464,1.2928643591950324
1942.9714857428717,1.2828760066700895
1943.9719859929967,1.2580290624447816
1944.9724862431217,1.2192876230503242
1945.9729864932467,1.170277192174305
1946.9734867433717,1.1153935212162243
1947.973986993497,1.0583278539772183
1948.974487243622,1.0015894037746693
1949.974987493747,0.9465892532100624
1950.975487743872,0.8938863098888786
1951.9759879939973,0.8434582921616809
1952.9764882441223,0.7949748082010751
1953.9769884942473,0.7480591858458971
1954.9774887443723,0.7024943635660965
1955.9779889944973,0.6583276032813783
1956.9784892446226,0.6158726363990548
1957.9789894947476,0.5756622113559725
1958.9794897448726,0.5384247506281626
1959.9799899949976,0.5051425451418361
1960.9804902451226,0.4771995661189334
1961.9809904952479,0.45659111464244084
1962.9814907453729,0.4461133863738491
1963.9819909954979,0.44930480834761816
1964.982491245623,0.4696971989459916
1965.982991495748,0.5091016808589605
1966.9834917458732,0.5657321072050076
1967.9839919959982,0.6339781441169938
1968.9844922461232,0.7064058722402399
1969.9849924962482,0.7762757378090749
1970.9854927463734,0.8388733536932145
1971.9859929964985,0.8915785160390565
1972.9864932466235,0.933379633786849
1973.9869934967485,0.9643342849349954
1974.9874937468735,0.9851591281837802
1975.9879939969987,0.9969563300552176
1976.9884942471238,1.0010675064463286
1977.9889944972488,0.9990211576786433
1978.9894947473738,0.9925656479812405
1979.9899949974988,0.9837598148337281
1980.990495247624,0.9750855196463418
1981.990995497749,0.969479906081294
1982.991495747874,0.970119915341086
1983.991995997999,0.9798190156602975
1984.992496248124,1.0001161879485205
1985.9929964982493,1.03028342645543
1986.9934967483744,1.0665257779790462
1987.9939969984994,1.1021862006668393
1988.9944972486244,1.1301066701778761
1989.9949974987496,1.1460297216321547
1990.9954977488746,1.1499174859405976
1991.9959979989997,1.1446085552107765
1992.9964982491247,1.1338835495920276
1993.9969984992497,1.1212661802539212
1994.997498749375,1.1095482174463769
1995.9979989995,1.10064819655344
1996.998499249625,1.0955506885879323
1997.99899949975,1.0942507522640723
1998.999499749875,1.095735046189593
2000.0,1.0980193913067058
